Region,Address,UnitNo,PostalCode,Lat,Long,,,
Central,"100 AM100 TRAS STREET",,079027,1.274929,103.843549,,,
Central,"313 @ SOMERSET 313 ORCHARD ROAD",,238895,1.301177,103.8388679,,,
Central,"AMOY STREET FOOD CENTRETELOK AYER STREET",,069111,1.28097,103.8477899,,,
Central,"ANG MO KIO COMMUNITY CLUB795 ANG MO KIO AVENUE 1",,569976,1.366953,103.84042,,,
Central,"ANG MO KIO POLYCLINICS723 ANG MO KIO AVENUE 8",#01-4136,560723,1.3724019,103.847305,,,
Central,"ANG MO KIO TOWN COUNCIL161 ANG MO KIO AVENUE 4",,569842,1.374684,103.845664,,,
Central,"AXS LOBBY@SULTAN LINK - STATION 161 MOHAMED SULTAN ROAD",#01-500,560161,1.374125,103.839812,,,
Central,"AXS LOBBY@SULTAN LINK - STATION 261 MOHAMED SULTAN ROAD",,567226,1.366851,103.839876,,,
Central,"BISHAN-TOA PAYOH TOWN COUNCIL197 BISHAN STREET 13",,560342,1.3647,103.8483959,,,
Central,"BISHAN-TOA PAYOH TOWN COUNCIL OFFICE125A LORONG 2 TOA PAYOH",,560532,1.3737839,103.854658,,,
Central,"CHEERS ANG MO KIO407 ANG MO KIO AVENUE 10",,560715,1.371011,103.8459419,,,
Central,"CHEERS STAMFORD COURT61 STAMFORD ROAD",,018960,1.2789419,103.8512186,,,
Central,"CHIN SWEE HDB BRANCH OFFICE54 CHIN SWEE ROAD",#01-11,239001,1.2912837,103.8394398,,, 
Central,"CITIBANK BUGIS JUNCTION200 VICTORIA STREET LEVEL 1",#01-11,239001,1.2912837,103.8394398,,,
Central,"CITIBANK GREAT WORLD CITY1 KIM SENG PROMENADE",,169982,1.288766,103.827528,,,
Central,"CITIBANK SHAW HOUSE350 ORCHARD ROAD",,570514,1.350139,103.849757,,,
Central,"CITIBANK TAKASHIMAYA391 ORCHARD ROAD",,570512,1.349908,103.849457,,,
Central,"CITY SQUARE MALL - STATION 1180 KITCHENER ROAD",,579837,1.349971,103.848794,,,
Central,"CITY SQUARE MALL - STATION 2180 KITCHENER ROAD",,579837,1.349971,103.848794,,,
Central,"CPF BISHAN BRANCH - STATION 13 BISHAN PLACE",,579827,1.350614,103.8481259,,,
Central,"DBS HDB CENTRE520 LORONG 6 TOA PAYOH",,310109,1.341253,103.846346,,,
Central,"DBS MBFC TOWER 3 - STATION 212 MARINA BOULEVARD LEVEL 3",,571150,1.344551,103.855794,,,
Central,"DBS PENINSULA PLAZA111 NORTH BRIDGE ROAD",,310178,1.333295,103.8491354,,,
Central,"DBS SERANGOON GARDEN VILLAGE1 MAJU AVENUE",,310190,1.3315682,103.8484981,,,
Central,"GIANT ANG MO KIO181 ANG MO KIO AVENUE 5",#01-585,570197,1.3490119,103.8508937,,,
Central,"GV GRAND GREAT WORLD CITY1 KIM SENG PROMENADE",,310260,1.3321,103.857435,,,
Central,"GV MARINA SQUARE5A RAFFLES AVENUE",,314079,1.334377,103.84956,,,
Central,"GV PLAZA SINGAPURA68 ORCHARD ROAD",,570282,1.358271,103.844651,,,
Central,"GV TIONG BAHRU PLAZA302 TIONG BAHRU ROAD",#01-134,311125,1.337527,103.845774,,,
Central,"ICON VILLAGE12 GOPENG STREET",,319758,1.3406079,103.8453817,,,
Central,"IECON ACTIVE SUPERMARKET74 WHAMPOA DRIVE",,188024,1.3003191,103.8557365,,,
Central,"IECON BAN SENG PROVISIONS116 TOA PAYOH LORONG 2",,188022,1.30031,103.8557469,,,
Central,"IECON CHUA YAN KEE49 TANGLIN HALT ROAD",,188067,1.299629,103.854302,,,
Central,"IECON FAMILY STORE632 ANG MO KIO AVENUE 4",,188067,1.299629,103.854302,,,
Central,"IECON HAO GUAN MINI MART505 ANG MO KIO AVENUE 8",,588996,1.339001,103.778958,,,
Central,"IECON ONG JIT SANG203 TOA PAYOH NORTH",,299939,1.3363192,103.8334007,,,
Central,"IECON SAN CHUNG MINIMART24 BENDEMEER ROAD",,238843,1.3019594,103.8398305,,,
Central,"IECON TAY YONG HUAT128 ANG MO KIO AVENUE 3",,238843,1.3019594,103.8398305,,,
Central,"IECON TONG SENG HUAT234 TOA PAYOH LORONG 8",,079120,1.273228,103.8448952,,,
Central,"IECON WEI ANN107 ANG MO KIO AVE 4",,039593,1.292937,103.857002,,,
Central,"IECON YEO SOON LAI MINIMART554 ANG MO KIO AVENUE 10",,039593,1.292937,103.857002,,,
Central,"IEZHEN MINIMART443 ANG MO KIO AVENUE 10",,039593,1.292937,103.857002,,,
Central,"JALAN BESAR STADIUM100 TYRWHITT ROAD",,039593,1.292937,103.857002,,,
Central,"MAYBANK ROBINSON16 RAFFLES QUAY",#01-741,560407,1.361909,103.855275,,,
Central,"MILLENIA WALK9 RAFFLES BOULEVARD",,209266,1.312644,103.860271,,,
Central,"O MOCHI CAKE AND BAKERY PTE LTD632 ANG MO KIO AVENUE 4",#01-03,178892,1.293942,103.849996,,,
Central,"PLAZA SINGAPURA - STATION 168 ORCHARD ROAD",,048622,1.2832111,103.8518973,,,
Central,"PLAZA SINGAPURA - STATION 268 ORCHARD ROAD",,048622,1.2832111,103.8518973,,,
Central,"POSB BLOCK 160 ANG MO KIO160 ANG MO KIO AVENUE 4",#01-23,160054,1.287159,103.841239,,,
Central,"POSB POTONG PASIR147 POTONG PASIR AVENUE 1",,048423,1.2833526,103.84686,,,
Central,"POSB RADIN MAS NPP15 TELOK BLANGAH CRESCENT",,059413,1.285362,103.845021,,,
Central,"POSB THE ARCADE11 COLLYER QUAY",,018960,1.2789419,103.8512186,,,
Central,"POSB TOA PAYOH CENTRAL480 TOA PAYOH LORONG 6",#01-02,188021,1.299369,103.854921,,,
Central,"RAFFLES CITY SHOPPING CENTRE - STATION 1252 NORTH BRIDGE ROAD",,049481,1.2840123,103.8487542,,,
Central,"RAFFLES CITY SHOPPING CENTRE - STATION 2252 NORTH BRIDGE ROAD",,039393,1.2920047,103.8558964,,,
Central,"STARHUB SHOP PLAZA SINGAPURA68 ORCHARD ROAD",#01-51,237994,1.2936891,103.8319512,,,
Central,"THE VERGE2 SERANGOON ROAD",,310480,1.332253,103.848538,,,
Central,"V-HOTEL @ LAVENDER70 JELLICOE ROAD",,238859,1.30451,103.836184,,,
Central,"GV TAMPINES MALL4 TAMPINES CENTRAL 5",#01-02,238868,1.305487,103.831573,,,
Central,"HDB PASIR RIS BRANCH OFFICE443 PASIR RIS DRIVE 6",#B1,238873,1.302806,103.8357916,,,
Central,"IECON ACTUA TRADING AND SUPPLIES915 TAMPINES STREET 91",,179100,1.293171,103.852376,,,
Central,"IECON ANCHORVALE MINIMART303 ANCHORVALE LINK",#B2,208539,1.3113982,103.8565897,,,
Central,"IECON BEGONIA SUPERMARKET280 TAMPINES STREET 22",#B2,208539,1.3113982,103.8565897,,,
Central,"IECON CHIN HUAT SIONG KEE124 HOUGANG AVENUE 1",,217664,1.315722,103.856214,,,
Central,"IECON CHNG WAH SENG2 LORONG LEW LIAN",,179019,1.2901676,103.8448626,,,
Central,"IECON CHNG WAH SENG309 HOUGANG AVENUE 5",,579701,1.342819,103.859222,,,
Central,"IECON CHY YUAN MINI SUPERMARKET911 HOUGANG STREET 91",#01-01,579838,1.349575,103.849068,,,
Central,"IECON GOOD WELL SUPERMARKET343 TAMPINES STREET 33",,068897,1.2772297,103.847986,,,
Central,"IECON GUAT SENG HUAT511 HOUGANG AVENUE 10",,068897,1.335755,103.8554939,,,
Central,"IECON LIN DA MINI440 HOUGANG AVENUE 8",,068897,1.335755,103.8554939,,,
Central,"IECON OM SAI MINIMART878 TAMPINES AVENUE 8",,160133,1.279541,103.827307,,,
Central,"IECON RAMYAA369 TAMPINES STREET 34",,188867,1.300599,3.854893,,,
Central,"KIM SAN LENG (UBI)302 UBI AVENUE 1",#02-50,310520,1.3331682,103.8473278,,,
Central,"KNK GLOBAL PTE LTD462 TAMPINES STREET 44",,018982,1.2804899,103.853496,,,
Central,"POSB 301 KAMPONG UBI301 UBI AVENUE 1",#B1-45,018982,1.2804899,103.853496,,,
Central,"POSB 811 TAMPINES811 TAMPINES AVENUE 4",,573970,1.358586,103.83358,,,
Central,"POSB AUTO LOBBY RIVERVALE PLAZA118 RIVERVALE DRIVE",#01-21,179098,1.292307,103.850442,,,
Central,"POSB BLOCK 211 TAMPINES211 TAMPINES AVENUE 2",#03-18/19,556679,1.3652169,103.865262,,,
Central,"POSB BLOCK 775 BEDOK RESERVOIR VIEW775 BEDOK RESERVOIR VIEW",,188504,1.302731,103.853171,,,
Central,"POSB COMPASS POINT EBC1 SENGKANG SQUARE",,239278,1.3055779,103.830139,,,
Central,"POSB SERANGOON COMMUNITY CENTRENO 10 SERANGOON NORTH AVENUE 2",,238826,1.298811,103.846127,,,
Central,"PUNGGOL FIELD NEIGHBOURHOOD CENTRE - STATION 1110A PUNGGOL FIELD",,059395,1.288376,103.847177,,,
Central,"PUNGGOL FIELD NEIGHBOURHOOD CENTRE - STATION 2110 A PUNGGOL FIELD",,228231,1.310572,103.836269,,,
Central,"SCDF HQ91 UBI AVENUE 4",,038981,1.289857,103.8552799,,,
Central,"SENGKANG HDB BRANCH OFFICE118 RIVERVALE DRIVE",,569927,1.370763,103.864159,,,
Central,"STANDARD CHARTERED TAMPINES3 TAMPINES CENTRAL 1 ABACUS PLAZA",,289630,1.330924,103.798641,,,
Central,"TAMPINES MALL - STATION 24 TAMPINES CENTRAL 5",,159458,1.2827353,103.8214415,,,
Central,"UBI TECH PARK10 UBI CRESENT",,248992,1.2928172,103.8256861,,,
Central,"XI QI SUPERMARKET496G TAMPINES AVENUE 9",,574416,1.3703594,103.8283798,,,
Central,"25 GHIM MOH LINK25 GHIM MOH LINK",,309425,1.3162027,103.8367068,,,
Central,"CENTRE FOR ANIMAL WELFARE AND CONTROL75 PASIR PANJANG ROAD",,319640,1.3362792,103.8462659,,,
Central,"COCHRANE LODGE II49 ADMIRALTY ROAD WEST",,588183,1.345236,103.773148,,,
Central,"CPF WOODLANDS BRANCH - STATION 1900 SOUTH WOODLANDS DRIVE",,574400,1.373071,103.828947,,,
Central,"CPF WOODLANDS BRANCH - STATION 2900 SOUTH WOODLANDS DRIVE",,229841,1.311009,103.842951,,,
Central,"IECON ANN TENG HENG761 YISHUN STREET 72",,589471,1.336112,103.784068,,,
Central,"IECON ASERET TRADING173 YISHUN AVENUE 7",,545614,1.36089,103.873692,,,
Central,"IECON HOCK TAI CHEONG664 YISHUN AVENUE 4",,228213,1.307249,103.833358,,,
Central,"IECON KIM ENG MINI SUPERMARKET103 YISHUN RING ROAD",,238884,1.3062153,103.8286,,,
Central,"IECON PIAK LAN HIONG605 YISHUN STREET 61",,079907,1.2732079,103.843634,,,
Central,"IECON UNITED SUPERMARKET136 MARSILING ROAD",,179097,1.29133,103.850074,,,
Central,"KHOO TECK PUAT HOSPITAL90 YISHUN CENTRAL",,179097,1.29133,103.850074,,,
Central,"STANDARD CHARTERED WOODLANDS900 SOUTH WOODLANDS DRIVE CIVIC CENTRE",,189720,1.2987612,103.8587,,,
Central,"TEO CHUAN KEE MINIMART468B ADMIRALTY DRIVE",#01-73/77,560181,1.3768395,103.8371598,,,
Central,"WOODLANDS CIVIC CENTRE 900 SOUTH WOODLANDS DRIVE",,161026,1.282517,103.825796,,,
Central,"WOODLANDS HDB BRANCH OFFICE - STATION 1900 SOUTH WOODLANDS DRIVE, CIVIC CENTRE",,258499,1.301177,103.8388679,,,
Central,"WOODLANDS HDB BRANCH OFFICE - STATION 2900 SOUTH WOODLANDS DRIVE, CIVIC CENTRE",,048940,1.2839928,103.850257,,,
Central,112 KATONG 112 EAST COAST ROAD,,189685,1.296389,103.856182,,,
Central,"BEDOK PUBLIC LIBRARY21 BEDOK NORTH STREET 1",#03-29,237994,1.2936891,103.8319512,,,
Central,"CBP THE SIGNATURE51 CHANGI BUSINESS PARK CENTRAL 2",#03-01,039801,1.290272,103.859058,,,
Central,"CHEERS BEDOK NORTH539 BEDOK NORTH STREET 3",#07-00,238839,1.3006139,103.8451045,,,
Central,"CISCO CENTRE20 JALAN AFIFI",#04-03,168732,1.286145,103.827342,,,
Central,"CITIBANK PARKWAY PARADE80 MARINE PARADE ROAD",,159682,1.285883,103.822906,,,
Central,"DBS TAI SENG26 TAI SENG STREET",,319457,1.333117,103.852359,,,
Central,"IECON ACTIVE EXPRESS MART36 CIRCUIT ROAD",,119578,1.278715,103.8013131,,,
Central,"IECON LI FENG YUAN78 CIRCUIT ROAD",,319378,1.3372679,103.854614,,,
Central,"KAMPONG UBI COMMUNITY CLUB10 JALAN UBI",#B1-K13,078877,1.275185,103.8445519,,,
Central,"MARINE PARADE TOWN COUNCIL - MARINE TERRACE OFFICE50 MARINE TERRACE",#01-334/33,320074,1.324803,103.857822,,,
Central,"NEX SHOPPING MALL - STATION 123 SERANGOON CENTRAL",,570222,1.3580692,103.8480787,,,
Central,"NEX SHOPPING MALL - STATION 223 SERANGOON CENTRAL",#01-146,310116,1.3404312,103.8461174,,,
Central,"NEX SHOPPING MALL - STATION 323 SERANGOON CENTRAL",#01-349,142049,1.3004579,103.7973192,,,
Central,"NEX SHOPPING MALL - STATION 423 SERANGOON CENTRAL",#01-952,560632,1.379999,103.841406,,,
Central,"POSB 9 EUNOS9 EUNOS CRESENT",#01 - 2682,560505,1.374855,103.849951,,,
Central,"POSB BEDOK NORTH539 BEDOK NORTH STREET 3",#01-1115,310203,1.342027,103.8490209,,,
Central,"RHB GEYLANG ROAD537 GEYLANG ROAD",#01-547,330024,1.3186437,103.8623865,,,
Central,"STANDARD CHARTERED MARINE PARADE87 MARINE PARADE CENTRAL",#01-1863,560128,1.3708109,103.8436139,,,
Central,"628 SENJA ROAD628 SENJA ROAD",#01-274,310234,1.338597,103.857812,,,
Central,"CHEERS CHOA CHU KANG303 CHOA CHU KANG AVENUE 4",#01-156,560107,1.3714519,103.837222,,,
Central,"CITIBANK VIVOCITY BRANCH1 HARBOUR FRONT WALK",#01-2052,560554,1.372784,103.857763,,,
Central,"CITY HARVEST CHURCH - STATION 2NO 1 JURONG WEST STREET 91",#B2-01,560443,1.366129,103.855221,,,
Central,"CPF JURONG BRANCH - STATION 121 JURONG EAST STREET 13",,238869,1.3059564,103.8313258,,,
Central,"CPF JURONG BRANCH - STATION 221 JURONG EAST STREET 13",,018947,1.2686885,103.8609695,,,
Central,"DAWSON PLACE - STATION 157 DAWSON ROAD",,238801,1.3039538,103.8314425,,,
Central,"DAWSON PLACE - STATION 257 DAWSON ROAD",#01-02,207542,1.309751,103.860054,,,
Central,"FARMART CENTRE67 SUNGEI TENGAH ROAD",,420002,1.3155683,103.8990709,,,
Central,"GIANT BUKIT BATOK284 BUKIT BATOK EAST AVENUE 3",,420002,1.3155683,103.8990709,,,
Central,"HONG KAH TOWN COUNCIL140 TECK WHYE LANE",,199597,1.302638,103.8622199,,,
Central,"HONG KAH TOWN COUNCIL372 BUKIT BATOK STREET 31",,179030,1.2917766,103.8448938,,,
Central,"IECON CHOP CHUAN LEONG28 JALAN BUKIT MERAH",,179030,1.2917766,103.8448938,,,
Central,"IECON LIM THIONG BENG453 JURONG WEST STREET 42",,219428,1.307297,103.849171,,,
Central,"IECON MING HUAT MINIMART727 JURONG WEST AVENUE 5",,219428,1.307297,103.849171,,,
Central,"IECON RONG XING PTE LTD75D REDHILL ROAD",,575701,1.3565169,103.8362765,,,
Central,"IECON SIN YEW LEONG354 CLEMENTI AVENUE 2",,018982,1.2800785,103.8552787,,,
Central,"IECON TECK GUAN77 TELOK BLANGAH DRIVE",,018990,1.276274,103.854629,,,
Central,"JEM52 JURONG GATEWAY ROAD",,018970,1.2862989,103.8592169,,,
Central,"KIM SAN LENG (BUKIT PANJANG)259 BUKIT PANJANG",,SINGAPORE,1.2862989,103.8592169,,,
Central,"LAURELS SUPERMARKET2 PANDAN VALLEY ULU PANDAN ROAD",,018970,1.2862989,103.8592169,,,
Central,"NUS BLOCK E49 ENGINEERING DRIVE",,018970,1.2862989,103.8592169,,,
Central,"POSB BLOCK 502 JURONG WEST502 JURONG WEST AVENUE 1",,039594,1.290989,103.857422,,,
Central,"POSB BUKIT BATOK EAST272 BUKIT BATOK EAST AVENUE 4",,039594,1.290989,103.857422,,,
Central,"POSB SCIENCE PARK II (THE ALPHA)10 SCIENCE PARK ROAD",,048940,1.284013,103.850272,,,
Central,"POSB WEST COAST MARKET726 CLEMENTI WEST STREET 2",,069184,1.2800697,103.8449108,,,
Central,"POSB ZHENG HUA COMMUNITY CLUB1 SEGAR ROAD",,329802,1.325601,103.850723,,,
Central,"SENTOSA BEACH STATION50 BEACH VIEW",#01-13,048581,1.3007405,103.8396503,,,
Central,"XIN DE AN MEDICAL & MINIMART 105 CLEMENTI STREET 12, SUNSET WAY",,199018,1.303499,103.861257,,,
Central,"MICRO BRANCH CITIBANK53 ANG MO KIO AVENUE 3",,569933,1.369017,103.848122,,,
Central,"MILLENIA WALK9 RAFFLES BOULEVARD #02-K1",#02-K1,039192,1.291601,103.860166,,,
Central,"NAFA CAMPUS 180 BENCOOLEN STREET",,189655,1.299809,103.8512578,,,
Central,"NANYANG POLYTECHNICA 180 ANG MO KIO AVENUE 8",,569830,1.378461,103.848988,,,
Central,"NATIONAL LIBRARY100 VICTORIA STREET",,188064,1.2975132,103.8539367,,,
Central,"NCS HUB5 ANG MO KIO STREET 62",,569141,1.387928,103.844052,,,
Central,"NEWTON MRT STATION49 SCOTTS ROAD",,228234,1.3124622,103.8380377,,,
Central,"NOVENA MRT STATION250 THOMSON ROAD",,307642,1.3202681,103.8435124,,,
Central,"NTUC FAIRPRICE ORCHARD GRAND COURT131 KILLINEY ROAD",,239571,1.297592,103.838707,,,
Central,"NTUC INCOME CENTRE75 BRAS BASAH ROAD",,189557,1.287159,103.841239,,,
Central,"O MOCHI CAKE AND BAKERY PTE LTD632 ANG MO KIO AVENUE 4 #01-966",#01-966,560632,1.379999,103.841406,,,
Central,"ONE MARINA BOULEVARD1 MARINA BOULEVARD",,018989,1.282387,103.852437,,,
Central,"ORANGETEE BUILDING430 LORONG 6 TOA PAYOH",,319402,1.331579,103.849209,,,
Central,"ORCHARD CENTRAL 181 ORCHARD ROAD",,238896,1.3009279,103.8399306,,,
Central,"ORCHARD MRT STATION437 ORCHARD ROAD",,238878,1.303287,103.8323238,,,
Central,"OUTRAM PARK MRT STATION10 OUTRAM ROAD",,169037,1.281367,103.8391087,,,
Central,"PARK MALL9 PENANG ROAD BASEMENT 1",,238459,1.298048,103.844577,,,
Central,"PARKLANE SHOPPING MALL35 SELEGIE ROAD",,188307,1.300626,103.849458,,,
Central,"PEK KIO COMMUNITY CLUB21 GLOUCESTER ROAD",,219458,1.3129033,103.8519245,,,
Central,"PLAZA SINGAPURA - STATION 168 ORCHARD ROAD #B1-00",#B1-00,235539,1.3006139,103.8451045,,,
Central,"PLAZA SINGAPURA - STATION 268 ORCHARD ROAD #B1-00",#B1-00,235539,1.3006139,103.8451045,,,
Central,"POMO1 SELEGIE ROAD",,188306,1.3001259,103.849316,,,
Central,"POSB 158 MEILING STREET158 MEILING STREET",,140158,1.2926246,103.8027491,,,
Central,"POSB 22 ANG MO KIO INDUSTRIAL PARK 222 ANG MO KIO INDUSTRIAL PARK 2",,569506,1.302806,103.8357916,,,
Central,"POSB 36 TELOK BLANGAH RISE36 TELOK BLANGAH RISE",,090036,1.272617,103.821985,,,
Central,"POSB 453 ANG MO KIO453 ANG MO KIO AVENUE 10",,560453,1.368595,103.855861,,,
Central,"POSB 505 ANG MO KIO505 ANG MO KIO AVENEUE 8",,560505,1.374855,103.849951,,,
Central,"POSB 7 EMPRESS ROAD7 EMPRESS ROAD",,260007,1.3164558,103.8057946,,,
Central,"POSB 79 REDHILL LANE79 REDHILL LANE",,150079,1.2878266,103.8181035,,,
Central,"POSB 93 TOA PAYOH 93 LORONG 4 TOA PAYOH",,310093,1.338254,103.850025,,,
Central,"POSB ANG MO KIO ITE COLLEGE CENTRAL2 ANG MO KIO DRIVE",,567720,1.3777047,103.8554865,,,
Central,"POSB AUTO LOBBY TOA PAYOH LORONG 1107 TOA PAYOH LORONG 1",,310107,1.34131,103.847011,,,
Central,"POSB BANDA5 BANDA STREET",,050005,1.281201,103.843403,,,
Central,"POSB BEAUTY WORLD CENTRE144 UPPER BUKIT TIMAH ROAD",,588177,1.34234,103.776131,,,
Central,"POSB BISHAN BUS INTERCHANGE514 BISHAN STREET 13",,570514,1.350139,103.849757,,,
Central,"POSB BLOCK 108 SPOTTISWOODE108 SPOTTISWOODE PARK ROAD",,080108,1.273589,103.8357319,,,
Central,"POSB BLOCK 160 ANG MO KIO160 ANG MO KIO AVENUE 4 #A1-11",#A1-11,560160,1.374481,103.839239,,,
Central,"POSB BLOCK 18 UPPER BOON KENG 18 UPPER BOON KENG",,380018,1.3147419,103.8719523,,,
Central,"POSB BLOCK 341 ANG MO KIO341 ANG MO KIO AVENUE 1",,560341,1.364171,103.848065,,,
Central,"POSB BLOCK 528 ANG MO KIO528 ANG MO KIO AVENUE 10",,560528,1.372565,103.8549929,,,
Central,"POSB BLOCK 629 ANG MO KIO 629 ANG MO KIO AVENUE 4",,560629,1.3801306,103.8398214,,,
Central,"POSB BRAS BASAH231 BAIN STREET",,180231,1.297105,103.853681,,,
Central,"POSB BUKIT PURMEI112 BUKIT PURMEI",,090112,1.2993594,103.825954,,,
Central,"POSB COMCENTER CAF’_31 EXETER ROAD",,239732,1.2993594,103.8384858,,,
Central,"POSB EVERTON PARK1 EVERTON PARK",,080001,1.277421,103.8400039,,,
Central,"POSB JALAN BUKIT MERAH111 JALAN BUKIT MERAH",,160111,1.2803839,103.8263589,,,
Central,"POSB NGEE ANN CITY391 ORCHARD ROAD",,238872,1.302708,103.8353191,,,
Central,"POSB POTONG PASIR147 POTONG PASIR AVENUE 1 #01-01",#01-01,350147,1.33182,103.867954,,,
Central,"POSB RADIN MAS NPP15 TELOK BLANGAH CRESCENT #01-250",#01-250,090015,1.277135,103.820582,,,
Central,"POSB THE ARCADE11 COLLYER QUAY #02-50",#02-50,049317,1.283529,103.852003,,,
Central,"POSB TOA PAYOH CENTRAL480 TOA PAYOH LORONG 6 #01-164",#01-164,310480,1.332253,103.848538,,,
Central,"QUEENSTOWN PUBLIC LIBRARY53 MARGARET DRIVE",,149297,1.2985325,103.8053743,,,
Central,"QUEENSWAY SHOPPING CENTRE1 QUEENSWAY",,149053,1.287777,103.803474,,,
Central,"RAEBURN PARK10 RAEBURN PARK",,088702,1.273548,103.833406,,,
Central,"RAFFLES CITY SHOPPING CENTRE - STATION 1252 NORTH BRIDGE ROAD #B1-00",#B1-00,179103,1.2941178,103.8528128,,,
Central,"RAFFLES CITY SHOPPING CENTRE - STATION 2252 NORTH BRIDGE ROAD #B1-00",#B1-00,179103,1.2941178,103.8528128,,,
Central,"RAFFLES JUNIOR COLLEGE10 BISHAN STREET 21",,574013,1.346326,103.842422,,,
Central,"RAFFLES PLACE MRT STATION5 RAFFLES PLACE",,048618,1.284496,103.851421,,,
Central,"REDHILL MRT STATION920 TIONG BAHRU ROAD",,158792,1.289719,103.816485,,,
Central,"RELC30 ORANGE GROVE ROAD",,258352,1.312934,103.826019,,,
Central,"REPUBLIC PLAZA9 RAFFLES PLACE",,048619,1.2832428,103.8508359,,,
Central,"RHB BANK BUILDING90 CECIL STREET",,069531,1.2814495,103.849177,,,
Central,"RHB JALAN BESAR10 JALAN BESAR SIM LIM TOWER",,208787,1.304039,103.8546719,,,
Central,"ROBINSONS @ HEEREN260 ORCHARD ROAD BASEMENT 1",,238855,1.3029619,103.8371889,,,
Central,"S11 ANG MO KIO BLOCK 450450 ANG MO KIO AVENUE 10",,560450,1.368487,103.855409,,,
Central,"S11 ANG MO KIO BLOCK 711711 ANG MO KIO AVENUE 8",,560711,1.371438,103.847915,,,
Central,"SAFRA TOA PAYOH293 LORONG 6 TOA PAYOH",,319387,1.329911,103.854256,,,
Central,"SELETAR CAMP246 PICCADILLY",,797770,1.409565,103.871118,,,
Central,"SHAW PLAZA360 BALESTIER ROAD",,329783,1.324989,103.85119,,,
Central,"SHAW TOWER100 BEACH ROAD",,189702,1.2964962,103.8565696,,,
Central,"SIM LIM TOWER10 JALAN BESAR",,208787,1.304039,103.8546719,,,
Central,"SIMS DRIVE HDB BRANCH OFFICE - STATION 161 SIMS DRIVE",,380061,1.316634,103.878559,,,
Central,"SIMS DRIVE HDB BRANCH OFFICE - STATION 261 SIMS DRIVE",,380061,1.316634,103.878559,,,
Central,,,259569,1.3107198,103.8150752,,,
Central,,,039803,1.289069,103.862943,,,
Central,,,169608,1.281059,103.838668,,,
Central,,,169608,1.2810909,103.8388315,,,
Central,,,188994,1.3010533,103.8510591,,,
Central,,,188994,1.3010533,103.8510591,,,
Central,,,238164,1.3005142,103.8376372,,,
Central,,,247729,1.303711,103.8242161,,,
Central,"SINGTEL ISRN BUILDING1 SERANGOON NORTH AVENUE 5",,554915,1.372507,103.868183,,,
Central,"SMU ADMINISTRATION BUILDING81 VICTORIA STREET",,188065,1.2968599,103.852202,,,
Central,"SMU, SCHOOL OF INFO SYSTEM80 STAMFORD ROAD",,178902,1.2967089,103.850094,,,
Central,"SOMERSET MRT STATION1 SOMERSET MRT STATION",,238162,1.300256,103.839051,,,
Central,"SPC ADAM31 ADAM ROAD",,289896,1.3281251,103.8136943,,,
Central,"SPC ANG MO KIO793 ANG MO KIO AVENUE 1",,569975,1.3652894,103.8396734,,,
Central,"SPC BALESTIER462 BALESTIER ROAD",,329837,1.326652,103.847936,,,
Central,"SPC BRADDELL317 BRADDELL ROAD",,579706,1.343517,103.846259,,,
Central,"SPC BUKIT MERAH3800 JALAN BUKIT MERAH",,159464,1.284227,103.818404,,,
Central,"SPC BUKIT TIMAH623A BUKIT TIMAH ROAD",,269733,1.3249552,103.8089412,,,
Central,"SPC HAVELOCK397 HAVELOCK ROAD",,169630,1.2898266,103.8267934,,,
Central,"SPC KILLINEY132 KILLINEY ROAD",,239562,1.296849,103.837996,,,
Central,"SPC QUEENSWAY264 QUEENSWAY",,149062,1.288705,103.8036319,,,
Central,"SPC RIVER VALLEY2 JERVOIS ROAD",,248994,1.2932097,103.8248195,,,
Central,"SPC THOMSON327 THOMSON ROAD",,307673,1.324793,103.841602,,,
Central,"SPC TOA PAYOH180 TOA PAYOH LORONG 6",,319381,1.335755,103.8554939,,,
Central,"SPC UPPER THOMSON98 UPPER THOMSON ROAD",,574330,1.348829,103.837778,,,
Central,"SPC YIO CHU KANG76 YIO CHU KANG ROAD",,545570,1.296849,103.837996,,,
Central,"STANDARD CHARTERED BATTERY ROAD6 BATTERY ROAD",,049909,1.285539,103.851667,,,
Central,"STANDARD CHARTERED UPPER THOMSON246R UPPER THOMSON ROAD",,574370,1.3539057,103.8341222,,,
Central,"STARHUB SHOP PLAZA SINGAPURA68 ORCHARD ROAD #B2-17",#B2-17,238839,1.3006139,103.8451045,,,
Central,"SUBARU TOA PAYOH19 LORONG 8 TOA PAYOH",,319255,1.339809,103.858861,,,
Central,"SUBORDINATE COURT2 HAVELOCK ROAD",,059763,1.281059,103.838668,,,
Central,"SULTAN LINK53 MOHAMED SULTAN ROAD",,238993,1.2916819,103.8400999,,,
Central,"SULTAN PLAZA100 JALAN SULTAN",,199001,1.302832,103.861969,,,
Central,SUNTEC CITY MALL (GRANDMA'S PROUDLY,,038983,1.295968,103.858967,,,
Central,"SUNTEC CITY MALL (MANHATTAN FISH MARKET) - STATION 13 TEMASEK BOULEVARD BASEMENT 1",,038983,1.295968,103.858967,,,
Central,"TAN TOCK SENG HOSPITAL - STATION 111 JALAN TAN TOCK SENG",,308433,1.3216968,103.8459706,,,
Central,"TAN TOCK SENG HOSPITAL (EMERGENCY DEPARTMENT BASEMENT 1) - STATION 311 JALAN TAN TOCK SENG BASEMENT 1",,308433,1.3216968,103.8459706,,,
Central,"TAN TOCK SENG HOSPITAL (MAIN LOBBY) - STATION 211 JALAN TAN TOCK SENG LEVEL 1",,308433,1.3216968,103.8459706,,,
Central,"TANGLIN TRUST SCHOOL95 PORTSDOWN ROAD",,139299,1.296902,103.7921,,,
Central,"TANJONG PAGAR COMMUNITY CLUB101 CANTONMENT ROAD",,089774,1.276079,103.8416,,,
Central,"TANJONG PAGAR MRT STATION120 MAXWELL ROAD",,069119,1.276691,103.845401,,,
Central,"TANJONG PAGAR TOWN COUNCIL665 BUFFALO ROAD",,210665,1.306197,103.850551,,,
Central,"TANJONG PAGAR TOWN COUNCIL - ABC HAWKER CENTER6 JALAN BUKIT MERAH",,150006,1.2870511,103.8079756,,,
Central,"TANJONG PAGAR TOWN COUNCIL - STATION 11 TANJONG PAGAR ROAD",,082001,1.2757787,103.842842,,,
Central,"TANJONG PAGAR TOWN COUNCIL - STATION 21 TANJONG PAGAR ROAD",,082001,1.2757787,103.842842,,,
Central,"TANJONG PAGAR TOWN COUNCIL - STATION 2166 BUKIT MERAH CENTRAL",,150166,1.282838,103.817549,,,
Central,"TECK GHEE COMMUNITY CLUB861 ANG MO KIO AVENUE 10",,569734,1.363096,103.853577,,,
Central,"THE CENTRAL6 EU TONG SEN STREET",,059817,1.2891465,103.8467157,,,
Central,"THE CONCOURSE298 BEACH ROAD",,199554,1.301105,103.862582,,,
Central,"THE MAJESTIC80 EU TONG SEN STREET",,059810,1.284591,103.843259,,,
Central,"THE PLAZA7500E BEACH ROAD",,199595,1.2998197,103.8597263,,,
Central,"THE VERGE2 SERANGOON ROAD #03-K3",#03-K3,218227,1.3053347,103.851162,,,
Central,"THOMSON PLAZA - STATION 1301 UPPER THOMSON ROAD",,574408,1.354637,103.830935,,,
Central,"THOMSON PLAZA - STATION 2301 UPPER THOMSON ROAD",,574408,1.354637,103.830935,,,
Central,"TIONG BAHRU MARKET & FOOD CENTRE30 SENG POH ROAD",,168897,1.2847359,103.8324103,,,
Central,"TIONG BAHRU MRT STATION300 TIONG BAHRU ROAD",,168731,1.285782,103.826998,,,
Central,"TIONG BAHRU PLAZA302 TIONG BAHRU ROAD",,168732,1.286145,103.827342,,,
Central,"TOA PAYOH CENTRAL COMMUNITY CLUB93 TOA PAYOH CENTRAL",,319194,1.334687,103.850407,,,
Central,"TOA PAYOH MRT STATION510 LORONG 6 TOA PAYOH",,319398,1.332592,103.847554,,,
Central,"UNITED SQUARE SHOPPING MALL - STATION 1101 THOMSON ROAD",,307591,1.3177246,103.8434866,,,
Central,"UNITED SQUARE SHOPPING MALL - STATION 2101 THOMSON ROAD",,307591,1.3177246,103.8434866,,,
Central,"URA CENTRE - STATION 145 MAXWELL ROAD",,069118,1.292413,103.830988,,,
Central,"URA CENTRE - STATION 245 MAXWELL ROAD",,069118,1.279866,103.845134,,,
Central,"V-HOTEL @ LAVENDER70 JELLICOE ROAD #01-K1",#01-K1,208767,1.3076646,103.8619484,,,
Central,"WILKIE EDGE8 WILKIE ROAD",,228095,1.302102,103.849615,,,
Central,"WISMA ATRIA BASEMENT 1 - STATION 2 435 ORCHARD ROAD",,238877,1.3037028,103.8331287,,,
Central,"WISMA ATRIA LEVEL 1 - STATION 1 435 ORCHARD ROAD",,238877,1.3037028,103.8331287,,,
Central,"YIO CHU KANG AMENITIES CENTRE19 SERANGOON NORTH AVENUE 5",,554913,1.3753469,103.871996,,,
Central,"YIO CHU KANG MRT STATION3000 ANG MO KIO AVENUE 8",,569813,1.381747,103.844984,,,
Central,"YMCA BUILDINGONE ORCHARD ROAD",,238824,1.297649,103.848116,,,
Central,"ZHONGSHAN MALL20 AH HOOD ROAD",,329984,1.3280917,103.8475293,,,
Central,"ZION RIVERSIDE FOOD CENTRE70 ZION ROAD",,247792,1.292413,103.830988,,,
North East,"GV TAMPINES MALL4 TAMPINES CENTRAL 5 #04-17",#04-17,529510,1.352661,103.945245,,,
North East,"HDB PASIR RIS BRANCH OFFICE443 PASIR RIS DRIVE 6 #02-00",#02-00,510443,1.369427,103.957429,,,
North East,"HEARTLAND MALL- KOVAN - STATION 1205 HOUGANG STREET 21",,530205,22.616532,108.630661,,,
North East,"HEARTLAND MALL- KOVAN - STATION 2205 HOUGANG STREET 21",,530205,22.616532,108.630661,,,
North East,"HOUGANG 11 HOUGANG STREET 91",,538692,1.376022,103.879482,,,
North East,"HOUGANG GREEN SHOPPING MALL21 HOUGANG STREET 51",,538719,1.379502,103.888221,,,
North East,"HOUGANG MALL90 HOUGANG AVENUE 10",,538766,1.372629,103.893938,,,
North East,"HOUGANG POLYCLINICS89 HOUGANG AVENUE 4",,538829,1.370032,103.889024,,,
North East,"IECON ACTUA TRADING AND SUPPLIES915 TAMPINES STREET 91 #01-43",#01-43,520915,1.348627,103.939517,,,
North East,"IECON ANCHORVALE MINIMART303 ANCHORVALE LINK #01-04",#01-04,542303,1.387423,103.889867,,,
North East,"IECON BEGONIA SUPERMARKET280 TAMPINES STREET 22 #01-244",#01-244,520280,1.347603,103.951694,,,
North East,"IECON CHIN HUAT SIONG KEE124 HOUGANG AVENUE 1 #01-1432",#01-1432,530124,1.352906,103.886586,,,
North East,"IECON CHNG WAH SENG2 LORONG LEW LIAN #01-42",#01-42,531002,1.350669,103.875584,,,
North East,"IECON CHNG WAH SENG309 HOUGANG AVENUE 5 #01-291",#01-291,530309,22.956903,109.135052,,,
North East,"IECON CHY YUAN MINI SUPERMARKET911 HOUGANG STREET 91 #01-58",#01-58,530911,1.378941,103.883808,,,
North East,"IECON GOOD WELL SUPERMARKET343 TAMPINES STREET 33 #01-318",#01-318,520343,1.351945,103.961193,,,
North East,"IECON GUAT SENG HUAT511 HOUGANG AVENUE 10 #01-149",#01-149,530511,23.669527,108.731467,,,
North East,"IECON LIN DA MINI440 HOUGANG AVENUE 8 #B1-1567",#B1-1567,530440,1.379157,103.893518,,,
North East,"IECON OM SAI MINIMART878 TAMPINES AVENUE 8 #01-318",#01-318,520878,1.35219,103.931279,,,
North East,"IECON RAMYAA369 TAMPINES STREET 34 #01-21",#01-21,520369,1.358614,103.960233,,,
North East,"INSTITUTE OF MENTAL HEALTH10 BUANGKOK VIEW",,539747,1.383077,103.885005,,,
North East,"JIASHAN BUILDING CONTRACTOR108 HOUGANG AVENUE 1",,530108,23.38696,107.910563,,,
North East,"KAKI BUKIT RECREATION CENTRE7 KAKI BUKIT AVENUE 3",,415814,1.3366249,103.9054326,,,
North East,"KIM SAN LENG (UBI)302 UBI AVENUE 1 #01-71",#01-71,400302,1.329951,103.900986,,,
North East,"KNK GLOBAL PTE LTD462 TAMPINES STREET 44 #01-74",#01-74,520462,1.358975,103.954987,,,
North East,"KOPITIAM COMPASS SQUARE10 SENGKANG AVENUE",,544829,1.391503,103.893615,,,
North East,"LOYANG POINT - STATION 1258 PASIR RIS STREET 21",,510258,1.367095,103.964726,,,
North East,"LOYANG POINT - STATION 2258 PASIR RIS STREET 21",,510258,1.367095,103.964726,,,
North East,"MARINA COUNTRY CLUB600 PONGGOL SEVENTEENTH AVENUE",,829734,1.415119,103.898972,,,
North East,"MARINE PARADE TOWN COUNCIL1 UPPER ALJUNIED LANE",,360001,22.296405,70.794156,,,
North East,"MARINE PARADE TOWN COUNCIL118 ALJUNIED AVENUE 2",,380118,1.320126,103.887252,,,
North East,"MARINE PARADE TOWN COUNCIL119 ALJUNIED AVENUE 2",,380119,1.31953,103.886657,,,
North East,"MARINE PARADE TOWN COUNCIL304 UBI AVENUE 1",,400304,1.329443,103.901257,,,
North East,"MARINE PARADE TOWN COUNCIL306 UBI AVENUE 1",,400306,1.329438,103.902291,,,
North East,"MARINE PARADE TOWN COUNCIL341 UBI AVENUE 1",,400341,1.326765,103.901742,,,
North East,"NEW TECH PARK151 LORONG CHUAN",,556741,1.352087,103.861482,,,
North East,"PASIR RIS MRT STATION10 PASIR RIS CENTRAL",,519634,1.373013,103.949331,,,
North East,"PASIR RIS PARK CARPARK EPASIR RIS ROAD",,519110,22.232241,113.195607,,,
North East,"PASIR RIS WEST PLAZA - STATION 1735 PASIR RIS STREET 72",,510735,1.379692,103.936062,,,
North East,"PASIR RIS WEST PLAZA - STATION 2735 PASIR RIS STREET 72",,510735,1.379692,103.936062,,,
North East,"PASIR RIS-PUNGGOL TOWN COUNCIL156 RIVERVALE CRESCENT",,540156,1.390968,103.90741,,,
North East,"PASIR RIS-PUNGGOL TOWN COUNCIL198 PUNGGOL FIELD",,820198,1.39946,103.90634,,,
North East,"PASIR RIS-PUNGGOL TOWN COUNCIL263 COMPASSVALE STREET",,540263,1.39484,103.895953,,,
North East,"PASIR RIS-PUNGGOL TOWN COUNCIL266 COMPASSVALE BOW",,540266,1.38191,103.897061,,,
North East,"PASIR RIS-PUNGGOL TOWN COUNCIL267 COMPASSVALE LINK",,540267,1.38376,103.897067,,,
North East,"PASIR RIS-PUNGGOL TOWN COUNCIL275D COMPASSVALE LINK",,544275,1.382748,103.893938,,,
North East,"PASIR RIS-PUNGGOL TOWN COUNCIL443 PASIR RIS DRIVE 6",,510443,1.369427,103.957429,,,
North East,"PASIR RIS-PUNGGOL TOWN COUNCIL603 PUNGGOL ROAD",,820603,1.403872,103.907988,,,
North East,"PASIR RIS-PUNGGOL TOWN COUNCIL639 PUNGGOL DRIVE",,820639,1.399345,103.915923,,,
North East,"POSB 128 PENDING ROAD128 PENDING ROAD",,670128,1.376086,103.769688,,,
North East,"POSB 146 SIMEI146 SIMEI STREET 2",,520146,1.344643,103.955832,,,
North East,"POSB 23 HOUGANG AVENUE 323 HOUGANG AVENUE 3",,530023,1.364858,103.8907,,,
North East,"POSB 3 LORONG LEW LIAN3 LORONG LEW LIAN",,531003,1.350556,103.876088,,,
North East,"POSB 301 KAMPONG UBI301 UBI AVENUE 1 #01-01",#01-01,400301,1.330744,103.902125,,,
North East,"POSB 401 HOUGANG401 HOUGANG AVENUE 10",,530401,23.21447,108.757575,,,
North East,"POSB 406 TAMPINES STREET 41406 TAMPINES STREET 41",,520406,1.35786,103.945655,,,
North East,"POSB 5 STAR DORMITORY39 KAKI BUKIT AVENUE 3",,415920,1.338125,103.909958,,,
North East,"POSB 521 HOUGANG521 HOUGANG AVENUE 6",,530521,1.373446,103.890728,,,
North East,"POSB 811 TAMPINES811 TAMPINES AVENUE 4 #01-831A",#01-831A,520811,1.346566,103.937215,,,
North East,"POSB AUTO LOBBY RIVERVALE PLAZA118 RIVERVALE DRIVE #01-266",#01-266,540118,1.385427,103.901579,,,
North East,"POSB BEDOK RESERVOIR124 BEDOK RESERVOIR",,470124,24.228621,78.116531,,,
North East,"POSB BLOCK 211 TAMPINES211 TAMPINES AVENUE 2 #01-21A",#01-21A,520211,1.354067,103.954792,,,
North East,"POSB BLOCK 304 SERANGOON AVENUE 2304 SERANGOON AVENUE 2",,550304,1.353935,103.867628,,,
North East,"POSB BLOCK 775 BEDOK RESERVOIR VIEW775 BEDOK RESERVOIR VIEW #02-33/34",#02-33/34,470775,1.33669,103.935776,,,
North East,"POSB BLOCK 827 TAMPINES 827 TAMPINES STREET 81",,520827,1.349652,103.933901,,,
North East,"POSB COMPASS POINT EBC1 SENGKANG SQUARE #01-12",#01-12,545078,1.392272,103.894775,,,
North East,"POSB HEARTLAND MALL205 HOUGANG STREET 21",,530205,22.616532,108.630661,,,
North East,"POSB ITE COLLEGE EAST10 SIMEI AVENUE",,486047,1.333443,103.95533,,,
North East,"POSB SERANGOON COMMUNITY CENTRENO 10 SERANGOON NORTH AVENUE 2 #01-130A",#01-130A,555877,1.369861,103.874489,,,
North East,"POSB SHUN LI INDUSTRIAL PARK61 KAKI BUKIT AVENUE 1",,417943,1.336685,103.910716,,,
North East,"POSB YISHUN837 YISHUN STREET 81",,760837,1.41606,103.833003,,,
North East,"PUNGGOL FIELD NEIGHBOURHOOD CENTRE - STATION 1110A PUNGGOL FIELD #01-K1",#01-K1,821110,25.266167,83.656121,,,
North East,"PUNGGOL FIELD NEIGHBOURHOOD CENTRE - STATION 2110 A PUNGGOL FIELD #01-K1",#01-K1,821110,25.266167,83.656121,,,
North East,"PUNGGOL PLAZA168 PUNGGOL FIELD",,820168,1.394214,103.91291,,,
North East,"RIVERVALE MALL - STATION 111 RIVERVALE CRESCENT",,545082,1.392002,103.904984,,,
North East,"RIVERVALE MALL - STATION 211 RIVERVALE CRESCENT",,545082,1.392002,103.904984,,,
North East,"RIVERVALE PLAZA118 RIVERVALE DRIVE",,540118,1.385427,103.901579,,,
North East,"S11 HOUGANG BLOCK 107107 HOUGANG AVENUE 1",,530107,1.353425,103.890682,,,
North East,"S11 TAMPINES BLOCK 506506 TAMPINES CENTRAL 1",,520506,1.355917,103.945907,,,
North East,"SAFRA TAMPINES CLUB1/A TAMPINES STREET 92",,528882,1.344724,103.941739,,,
North East,"SCDF HQ91 UBI AVENUE 4 #01-11",#01-11,408827,1.334208,103.89376,,,
North East,"SELETAR AIRPORT556 WEST CAMP ROAD",,797794,1.418735,103.864268,,,
North East,"SENGKANG HDB BRANCH OFFICE118 RIVERVALE DRIVE #02-01",#02-01,540118,1.385427,103.901579,,,
North East,"SERANGOON GARDEN MARKET49A SERANGOON GARDEN WAY",,555945,1.363381,103.866835,,,
North East,"SIMEI MRT STATION30 SIMEI STREET 3",,529888,1.342977,103.953583,,,
North East,,,486150,1.332875,103.959004,,,
North East,"SPC HOUGANG120 HOUGANG AVENUE 2",,538858,1.368567,103.884308,,,
North East,"SPC PASIR RIS11 PASIR RIS DRIVE 4",,519456,1.370928,103.960372,,,
North East,"SPC PUNGGOL 100 PUNGGOL CENTRAL",,828839,1.400532,103.909266,,,
North East,"SPC SENGKANG EAST 91 SENGKANG EAST WAY",,544885,1.388024,103.887406,,,
North East,"SPC UPPER SERANGOON849 UPPER SERANGOON ROAD",,534686,1.358332,103.883008,,,
North East,"STANDARD CHARTERED SERANGOON GARDEN67 SERANGOON GARDEN WAY",,555963,1.363814,103.865464,,,
North East,"STANDARD CHARTERED TAMPINES3 TAMPINES CENTRAL 1 ABACUS PLAZA #01-01",#01-01,529540,1.352584,103.943035,,,
North East,"STARHUB GREEN67 UBI AVENUE 1",,408942,1.324713,103.892629,,,
North East,"TAMPINES 1 10 TAMPINES CENTRAL 1",,529536,21.577407,111.835197,,,
North East,"TAMPINES CENTRAL COMMUNITY COMPLEX866A TAMPINES STREET 83",,521866,1.355507,103.934462,,,
North East,"TAMPINES CHANGKAT COMMUNITY CLUB13 TAMPINES STREET 11",,529453,1.345753,103.947446,,,
North East,"TAMPINES MALL - STATION 14 TAMPINES CENTRAL",,524785,1.3526609,103.945245,,,
North East,"TAMPINES MALL - STATION 24 TAMPINES CENTRAL 5 #02-00",#02-00,529510,1.352661,103.945245,,,
North East,"TAMPINES MART - STATION 17 TAMPINES STREET 32",,529286,1.353795,103.960579,,,
North East,"TAMPINES MART - STATION 27 TAMPINES STREET 32",,529286,1.353795,103.960579,,,
North East,"TAMPINES MRT STATION20 TAMPINES CENTRAL",,529538,1.353448,103.945119,,,
North East,"TAMPINES TOWN COUNCIL139 TAMPINES STREET 11",,521139,1.346653,103.944868,,,
North East,"TAMPINES TOWN COUNCIL201D TAMPINES STREET 21",,523201,15.85279,79.941655,,,
North East,"TAMPINES TOWN COUNCIL475 TAMPINES STREET 44",,520475,1.360322,103.953147,,,
North East,"TAMPINES TOWN COUNCIL823A TAMPINES STREET 81",,521823,1.348861,103.933336,,,
North East,"TAMPINES TOWN COUNCIL - TAMPINES HDB BRANCH OFFICE510 TAMPINES CENTRAL",,520510,1.354627,103.944872,,,
North East,"TECHLINK31 KAKI BUKIT ROAD 3",,417818,1.335629,103.905346,,,
North East,"TEMASEK POLYTECHNIC21 TAMPINES AVENUE 1",,529757,1.345555,103.932462,,,
North East,"THE WOODGROVE30 WOODLANDS AVENUE 1",,739065,1.428724,103.781141,,,
North East,"TRAFFIC POLICE HEADQUARTERS 10 UBI AVENUE 3",,408865,1.33035,103.891074,,,
North East,"UB ONE81 UBI AVENUE 4",,408830,1.333546,103.891785,,,
North East,"UBI TECH PARK10 UBI CRESENT #02-731",#02-731,408564,1.326293,103.896145,,,
North East,"WELLMART BLK 406 TAMPINES406 TAMPINES STREET 41",,520406,1.35786,103.945655,,,
North East,"WHITE SANDS - STATION 11 PASIR RIS CENTRAL STREET 3",,518457,1.372567,103.950162,,,
North East,"WHITE SANDS - STATION 21 PASIR RIS CENTRAL STREET 3",,518457,1.372567,103.950162,,,
North East,"XI QI SUPERMARKET496G TAMPINES AVENUE 9 #01-500",#01-500,523496,1.36084,103.950535,,,
North West,"25 GHIM MOH LINK25 GHIM MOH LINK #01-K1",#01-K1,270025,1.3081449,103.786252,,,
North West,"888 PLAZA - STATION 1888 WOODLANDS DRIVE 50",,730888,1.437703,103.79527,,,
North West,"888 PLAZA - STATION 2888 WOODLANDS DRIVE 50",,730888,1.437703,103.79527,,,
North West,"ADMIRALTY MRT STATION70 WOODLANDS AVENUE 7",,738344,1.440681,103.800957,,,
North West,"ADMIRALTY PLACE - STATION 1678 WOODLANDS AVENUE 6",,730678,1.4397712,103.8017495,,,
North West,"ADMIRALTY PLACE - STATION 2678 WOODLANDS AVENUE 6",,730678,1.4397712,103.8017495,,,
North West,"AGILENT TECHNOLOGIES1 YISHUN AVENUE 7",,768923,1.440348,103.840661,,,
North West,"BUONA VISTA HDB BRANCH OFFICE - STATION 136 HOLLAND DRIVE",,270036,1.30946,103.7928089,,,
North West,"BUONA VISTA HDB BRANCH OFFICE - STATION 236 HOLLAND DRIVE",,270036,1.30946,103.7928089,,,
North West,"CENTRE FOR ANIMAL WELFARE AND CONTROL75 PASIR PANJANG ROAD #01-1526",#01-1526,118507,1.274615,103.7959039,,,
North West,"CHARTERED SEMICONDUCTOR BUILDING 360 WOODLANDS INDUSTRIAL PARK D STREET 2",,738406,1.438347,103.767112,,,
North West,"CHOA CHU KANG HDB BRANCH OFFICE309 CHOA CHU KANG AVENUE 4",,680309,1.38504,103.745452,,,
North West,"CHONG PANG COMMUNITY CLUB21 YISHUN RING ROAD",,768677,1.4311295,103.8295153,,,
North West,"COCHRANE LODGE II49 ADMIRALTY ROAD WEST #01-03",#01-03,757444,1.461269,103.818398,,,
North West,"CPF BISHAN BRANCH - STATION 23 BISHAN PLACE",,579838,1.349575,103.849068,,,
North West,"CPF WOODLANDS BRANCH - STATION 1900 SOUTH WOODLANDS DRIVE #01-02",#01-02,730900,1.435152,103.787195,,,
North West,"CPF WOODLANDS BRANCH - STATION 2900 SOUTH WOODLANDS DRIVE #01-02",#01-02,730900,1.435152,103.787195,,,
North West,"ESSO SEMBAWANG593 SEMBAWANG ROAD",,758452,1.4402759,103.824568,,,
North West,"ESSO WOODLANDS50 WOODLANDS AVENUE 1",,739066,1.4310911,103.7844756,,,
North West,"ESSO YISHUN10 YISHUN AVENUE 9",,768888,1.4316923,103.8397473,,,
North West,"FAJAR SHOPPING CENTRE - STATION 1445 FAJAR ROAD",,670445,1.383802,103.770558,,,
North West,"FAJAR SHOPPING CENTRE - STATION 2445 FAJAR ROAD",,670445,1.383802,103.770558,,,
North West,"GEK POH SHOPPING CENTRE - STATION 2762 JURONG WEST STREET 75",,640762,1.349156,103.698195,,,
North West,"GREENRIDGE SHOPPING CENTRE - STATION 1524A JELAPANG ROAD",,671524,1.384827,103.76636,,,
North West,"GREENRIDGE SHOPPING CENTRE - STATION 2524A JELAPANG ROAD",,671524,1.384827,103.76636,,,
North West,"GV YISHUN51 YISHUN CENTRAL 1",,768794,1.4300139,103.836348,,,
North West,"HOLLAND ROAD SHOPPING CENTRE211 HOLLAND AVENUE",,278967,1.310177,103.7953129,,,
North West,"HOLLAND-BUKIT PANJANG TOWN COUNCIL OFFICE - STATION 1256 BANGKIT ROAD",,670256,1.379094,103.772851,,,
North West,"HOLLAND-BUKIT PANJANG TOWN COUNCIL OFFICE - STATION 2256 BANGKIT ROAD",,670256,1.379094,103.772851,,,
North West,"IECON ANN TENG HENG761 YISHUN STREET 72 #01-344",#01-344,760761,1.425443,103.833179,,,
North West,"IECON ASERET TRADING173 YISHUN AVENUE 7 #01-825",#01-825,760173,1.43708,103.830921,,,
North West,"IECON CHAN LIAN SENG748 YISHUN STREET 72",,760748,1.4276423,103.8333708,,,
North West,"IECON HOCK TAI CHEONG664 YISHUN AVENUE 4 #01-279",#01-279,760664,1.420297,103.841045,,,
North West,"IECON KIM ENG MINI SUPERMARKET103 YISHUN RING ROAD #01-79",#01-79,760103,1.431578,103.828487,,,
North West,"IECON PIAK LAN HIONG605 YISHUN STREET 61 #01-311",#01-311,760605,1.421807,103.8362269,,,
North West,"IECON UNITED SUPERMARKET136 MARSILING ROAD #01-2188",#01-2188,730136,1.438646,103.777659,,,
North West,"JUNCTION 101 WOODLANDS ROAD",,677899,1.37978,103.760383,,,
North West,"JURONG WEST HDB BRANCH OFFICE518A JURONG WEST STREET 52",,641518,1.345284,103.7189549,,,
North West,"KHATIB MRT STATION201 YISHUN AVENUE 2",,769092,1.41736,103.832919,,,
North West,"KHOO TECK PUAT HOSPITAL90 YISHUN CENTRAL #01-01",#01-01,768828,1.4237979,103.838436,,,
North West,"KIM SAN LENG (YISHUN)417 YISHUN RING ROAD",,760417,1.4338271,103.8295083,,,
North West,"KRANJI MRT STATION960 WOODLANDS ROAD",,738702,1.425249,103.762,,,
North West,"KRANJI TURF CLUB1 TURF CLUB",,738078,1.422209,103.762266,,,
North West,"LIMBANG SHOPPING CENTRE - STATION 1533 CHOA CHU KANG STREET 51",,680533,1.392015,103.743131,,,
North West,"LIMBANG SHOPPING CENTRE - STATION 2533 CHOA CHU KANG STREET 51",,680533,1.392015,103.743131,,,
North West,"MARSILING MRT STATION71 WOODLANDS AVENUE 3",,739044,1.432563,103.774161,,,
North West,"MAYBANK 888 PLAZA888 WOODLANDS DRIVE 50",,730888,1.437703,103.79527,,,
North West,"NORTHPOINT - STATION 1930 YISHUN AVENUE 2",,769098,1.4298358,103.8355685,,,
North West,"NORTHPOINT - STATION 2930 YISHUN AVENUE 2",,769098,1.4298358,103.8355685,,,
North West,"NORTHPOINT - STATION 3930 YISHUN AVENUE 2",,769098,1.4298358,103.8355685,,,
North West,"NORTHTECH29 WOODLANDS INDUSTRIAL PARK E1",,757716,1.45535,103.799804,,,
North West,"PIONEER MALL - STATION 2638 JURONG WEST STREET 61",,640638,1.34152,103.696988,,,
North West,"POSB 190 YISHUN AVENUE 7190 YISHUN AVENUE 7",,768925,1.440684,103.836587,,,
North West,"POSB 5A WOODLANDS CENTRE5A WOODLANDS CENTRE ROAD",,731005,1.4398829,103.7698554,,,
North West,"POSB 744 YISHUN 744 YISHUN STREET 72",,760744,1.429206,103.833876,,,
North West,"POSB 802 WOODLANDS802 WOODLANDS STREET 81",,730802,1.440897,103.786115,,,
North West,"POSB ADMIRALTY ROAD WEST60 ADMIRALTY ROAD WEST",,759956,1.459976,103.822717,,,
North West,"POSB AUTO LOBBY YISHUN STREET 22290 YISHUN STREET 22",,760290,1.4361087,103.8361333,,,
North West,"POSB BLK 131 MARSILING131 MARSILING RISE",,730131,1.438494,103.778403,,,
North West,"POSB CAUSEWAY POINT1 WOODLANDS SQUARE",,738099,1.4358403,103.7862541,,,
North West,"POSB JTC YEW TEE359 WOODLANDS ROAD",,677934,1.3960177,103.7535719,,,
North West,"REPUBLIC POLYTECHNIC CENTRE3 WOODLANDS AVENUE 9",,738961,1.442737,103.785453,,,
North West,"REVENUE HOUSE55 NEWTON ROAD",,307987,1.319536,103.842132,,,
North West,"S11 WOODLANDS BLOCK 302302 WOODLANDS STREET 31",,730302,1.431536,103.7746389,,,
North West,"S11 WOODLANDS BLOCK 630A630A WOODLANDS RING ROAD",,730630,1.43464,103.8014763,,,
North West,"S11 YISHUN BLOCK 744744 YISHUN STREET 72",,760744,1.429206,103.833876,,,
North West,"SAFRA YISHUN COUNTRY CLUB60 YISHUN AVENUE 4",,769027,1.4237758,103.8407407,,,
North West,"SEMBAWANG MART - STATION 1511 CANBERRA ROAD",,750511,1.4537399,103.8193777,,,
North West,"SEMBAWANG MART - STATION 2511 CANBERRA ROAD",,750511,1.4537399,103.8193777,,,
North West,"SEMBAWANG MRT STATION11 CANBERRA ROAD",,759775,1.449009,103.819791,,,
North West,"SEMBAWANG PARK1221 SEMBAWANG ROAD",,758527,1.4324869,103.8267363,,,
North West,"SEMBAWANG SHOPPING CENTRE - STATION 1604A SEMBAWANG ROAD BASEMENT 1",,758460,1.441872,103.824824,,,
North West,"SEMBAWANG SHOPPING CENTRE - STATION 2604A SEMBAWANG ROAD BASEMENT 1",,758460,1.441872,103.824824,,,
North West,"SEMBAWANG TOWN COUNCIL102 YISHUN AVENUE 5",,760102,1.430859,103.8288369,,,
North West,"SEMBAWANG TOWN COUNCIL19 MARSILING LANE",,730019,1.442977,103.777277,,,
North West,"SEMBAWANG TOWN COUNCIL291 YISHUN STREET 22",,760291,1.4360897,103.8361372,,,
North West,"SEMBAWANG TOWN COUNCIL306A WOODLANDS STREET 31",,730303,1.4297308,103.7753111,,,
North West,"SEMBAWANG TOWN COUNCIL355 SEMBAWANG WAY",,750355,1.449661,103.8186264,,,
North West,"SEMBAWANG TOWN COUNCIL414 YISHUN RING ROAD",,760414,1.424554,103.846593,,,
North West,"SEMBAWANG TOWN COUNCIL5A WOODLANDS CENTRE ROAD",,731005,1.4398829,103.7698554,,,
North West,"SEMBAWANG TOWN COUNCIL934 YISHUN CENTRAL",,760934,1.425757,103.836589,,,
North West,,,738547,1.425425,103.775333,,,
North West,"SPC ANG MO KIO AVENUE 52761 ANG MO KIO AVENUE 5",,569866,1.362065,103.854453,,,
North West,"SPC SEMBAWANG588 SEMBAWANG ROAD",,758448,1.4400047,103.8251921,,,
North West,"SPC WOODLANDS250 ADMIRALTY ROAD",,739981,1.4425079,103.776276,,,
North West,"SPC YISHUN599 YISHUN RING ROAD",,768683,1.417558,103.837789,,,
North West,"STANDARD CHARTERED HOLLAND VILLAGE261 HOLLAND AVENUE",,278986,1.311682,103.795351,,,
North West,"STANDARD CHARTERED WOODLANDS900 SOUTH WOODLANDS DRIVE CIVIC CENTRE #02-07",#02-07,730900,1.435152,103.787195,,,
North West,"STATS CHIPPAC5 YISHUN STREET 23",,768442,1.439902,103.842371,,,
North West,"SUNSHINE PLACE - STATION 1475 CHOA CHU KANG AVENUE 3",,680475,1.377746,103.73862,,,
North West,"SUNSHINE PLACE - STATION 2475 CHOA CHU KANG AVENUE 3",,680475,1.377746,103.73862,,,
North West,"TAMAN JURONG SHOPPING CENTRE - STATION 2399 YUNG SHENG ROAD",,610399,1.3347739,103.721053,,,
North West,"TEO CHUAN KEE MINIMART468B ADMIRALTY DRIVE #01-29",#01-29,752468,1.450182,103.81415,,,
North West,"THE GRANDSTAND200 TURF CLUB ROAD",,287994,1.3391158,103.7927985,,,
North West,"VISTA POINT - STATION 1548 WOODLANDS DRIVE 44",,730548,1.430554,103.79392,,,
North West,"VISTA POINT - STATION 2548 WOODLANDS DRIVE 44",,730548,1.430554,103.79392,,,
North West,"WCEGA PLAZA1 BUKIT BATOK CRESCENT LEVEL 1 (NEAR LIFT LOBBY)",,658064,1.338942,103.758733,,,
North West,"WCEGA TOWER21 BUKIT BATOK CRESCENT LEVEL 1 (NEAR LIFT LOBBY)",,658065,1.337164,103.759705,,,
North West,"WEST MALL1 BUKIT BATOK CENTRAL",,658713,1.349649,103.749107,,,
North West,"WESTLITE - MANDAI DORMITORY34 MANDAI ESTATE",,729940,1.4390287,103.8026867,,,
North West,"WOODLANDS CIVIC CENTRE 900 SOUTH WOODLANDS DRIVE #03-07",#03-07,730900,1.4348344,103.7867518,,,
North West,"WOODLANDS GALAXY COMMUNITY CLUB31 WOODLANDS AVENUE 6",,738991,1.4390287,103.8026867,,,
North West,"WOODLANDS HDB BRANCH OFFICE - STATION 1900 SOUTH WOODLANDS DRIVE, CIVIC CENTRE #03-00",#03-00,730900,1.435152,103.787195,,,
North West,"WOODLANDS HDB BRANCH OFFICE - STATION 2900 SOUTH WOODLANDS DRIVE, CIVIC CENTRE #03-01",#03-01,730900,1.435152,103.787195,,,
North West,"WOODLANDS MART - STATION 1768 WOODLANDS AVENUE 6",,730768,1.445962,103.798159,,,
North West,"WOODLANDS MART - STATION 2768 WOODLANDS AVENUE 6",,730768,1.445962,103.798159,,,
North West,"WOODLANDS MRT STATION30 WOODLANDS AVENUE 2",,738343,1.4372567,103.7871623,,,
North West,"WOODLANDS NORTH PLAZA - STATION 1883 WOODLANDS STREET 82",,730883,1.442844,103.790366,,,
North West,"WOODLANDS NORTH PLAZA - STATION 2883 WOODLANDS STREET 82",,730883,1.442844,103.790366,,,
North West,"WOODLANDS POLYCLINICS10 WOODLANDS STREET 31",,738579,1.430806,103.775072,,,
North West,"YEW TEE MRT STATION61 CHOA CHU KANG DRIVE",,689715,1.397314,103.74739,,,
North West,"YEW TEE SHOPPING CENTRE - STATION 1622 CHOA CHU KANG STREET 62",,680622,1.398277,103.747186,,,
North West,"YEW TEE SHOPPING CENTRE - STATION 2622 CHOA CHU KANG STREET 62",,680622,1.398277,103.747186,,,
North West,"YISHUN MRT STATION301 YISHUN AVENUE 2",,769093,1.429387,103.8350907,,,
North West,"YISHUN POLYCLINICS100 YISHUN CENTRAL",,768826,1.4234706,103.8371857,,,
North West,"YISHUN SAPPHIRE CLUB HOUSE44 CANBERRA DRIVE",,768435,1.4391732,103.8297943,,,
South East,112 KATONG 112 EAST COAST ROAD #01-1317,#01-1317,428802,1.305511,103.904622,,,
South East,"AIRLINE HOUSE25 AIRLINE ROAD",,819829,1.377201,103.997269,,,
South East,"AIRPORT POLICE STATION - STATION 135 AIRPORT BOULEVARD",,819660,1.343325,103.981431,,,
South East,"AIRPORT POLICE STATION - STATION 235 AIRPORT BOULEVARD",,819660,1.343325,103.981431,,,
South East,"ALJUNIED MRT STATION81 LORONG 25 GEYLANG",,388310,1.316169,103.882721,,,
South East,"BEDOK COMMUNITY CLUB850 NEW UPPER CHANGI ROAD",,467352,1.324349,103.935899,,,
South East,"BEDOK MALL311 UPPER NEW CHANGI ROAD BASEMENT 1",,467360,1.3250556,103.9392918,,,
South East,"BEDOK MRT STATION315 NEW UPPER CHANGI ROAD",,467347,33.771558,112.889509,,,
South East,"BEDOK POINT799 NEW UPPER CHANGI ROAD",,467351,1.324516,103.932292,,,
South East,"BEDOK PUBLIC LIBRARY21 BEDOK NORTH STREET 1 #01-00",#01-00,469659,1.326906,103.930655,,,
South East,"CBP THE SIGNATURE51 CHANGI BUSINESS PARK CENTRAL 2 #01-K1",#01-K1,486066,1.334908,103.964995,,,
South East,"CHANGI CITY POINT5 CHANGI BUSINESS PARK CENTRAL 1",,486038,1.336056,103.963981,,,
South East,"CHEERS BEDOK NORTH539 BEDOK NORTH STREET 3 #01-625",#01-625,460539,1.331305,103.925109,,,
South East,"CHINESE SWIMMING CLUB21 & 34 AMBER ROAD",,439870,1.300211,103.900423,,,
South East,"CISCO CENTRE20 JALAN AFIFI #01-02",#01-02,409179,1.322415,103.892082,,,
South East,"CITI MICROBRANCH CHANGI BUSINESS PARKNO 3 CHANGI BUSINESS PARK CRESENT",,486026,1.334129,103.965824,,,
South East,"CITIBANK PARKWAY PARADE80 MARINE PARADE ROAD #01-02",#01-02,449269,1.301072,103.905281,,,
South East,"DBS ASIA HUB2 CHANGI BUSINESS PARK CRESENT",,486029,1.332843,103.965234,,,
South East,"DBS TAI SENG26 TAI SENG STREET #01-292",#01-292,534057,1.3369098,103.8891207,,,
South East,"EAST COAST LAGOON FOOD VILLAGE1220 EAST COAST PARKWAY",,468960,1.30668,103.935039,,,
South East,"EAST COAST PARK CARPARK C3EAST COAST PARKWAY",,449877,1.302508,103.915855,,,
South East,"EAST COAST PARK VISITOR CENTEREAST COAST PARK AREA BASEMENT 2, EAST COAST PARKWAY",,449874,1.297597,103.90035,,,
South East,"ESSO BEDOK NORTH99 BEDOK NORTH ROAD",,469667,1.328266,103.939687,,,
South East,"ESSO EAST COAST239/255 EAST COAST ROAD",,428931,1.307947,103.907848,,,
South East,"ESSO GEYLANG LORONG 38638 GEYLANG ROAD",,389569,1.31437,103.888845,,,
South East,"ESSO MACPHERSON101 MACPHERSON ROAD",,348501,1.328689,103.871876,,,
South East,"ESSO UPPER CHANGI ROAD955 UPPER CHANGI ROAD NORTH",,507662,1.359713,103.969784,,,
South East,"EUNOS COMMUNITY CLUB180 BEDOK RESERVOIR ROAD",,479220,1.332658,103.915479,,,
South East,"EUNOS MRT STATION30 EUNOS CRESENT",,409423,1.319782,103.902892,,,
South East,"EXPO MRT STATION21 CHANGI SOUTH AVENUE 1",,486065,1.334717,103.961688,,,
South East,"FENGSHAN COMMUNITY CLUB20 BEDOK NORTH STREET 2",,469644,1.330726,103.936612,,,
South East,"GEYLANG SERAI MARKET & FOOD CENTRE1 GEYLANG SERAI",,402001,1.316716,103.898214,,,
South East,"GREAT EASTERN CHANGI200 CHANGI ROAD",,419734,1.317256,103.903484,,,
South East,"IECON ACTIVE EXPRESS MART36 CIRCUIT ROAD #01-412",#01-412,370036,1.328989,103.886929,,,
South East,"IECON LI FENG YUAN78 CIRCUIT ROAD #01-484",#01-484,370078,1.327882,103.885268,,,
South East,"KAKI BUKIT COMMUNITY CLUB670 BEDOK NORTH STREET 3",,469627,1.333317,103.926892,,,
South East,"KALLANG MRT STATION5 SIMS AVENUE",,387405,1.311472,103.871353,,,
South East,"KAMPONG UBI COMMUNITY CLUB10 JALAN UBI #01-01",#01-01,409075,1.317871,103.900624,,,
South East,"KEMBANGAN MRT STATION55 SIMS AVENUE EAST",,416551,16.216966,74.434976,,,
South East,"LAGUNA NATIONAL GOLF AND COUNTRY CLUB11 LAGUNA GOLF GREEN",,488047,1.32388,103.963164,,,
South East,"LAVENDER MRT STATION50 KALLANG ROAD",,208699,1.307527,103.863101,,,
South East,"LIAN SOON AMENITY CENTRE91 ALPS AVENUE",,498787,1.37568,104.002665,,,
South East,"MACPHERSON COMMUNITY CLUB400 PAYA LEBAR WAY",,379131,1.323438,103.88467,,,
South East,"MARINE PARADE TOWN COUNCIL153 SERANGOON NORTH AVENUE 1",,550153,1.369972,103.872411,,,
South East,"MARINE PARADE TOWN COUNCIL226 SERANGOON AVENUE 4",,550226,1.356886,103.870712,,,
South East,"MARINE PARADE TOWN COUNCIL266 SERANGOON CENTRAL DRIVE",,550266,1.353432,103.871399,,,
South East,"MARINE PARADE TOWN COUNCIL326 SERANGOON AVENUE 3",,550326,1.350383,103.86899,,,
South East,"MARINE PARADE TOWN COUNCIL - MARINE TERRACE OFFICE50 MARINE TERRACE #01-265",#01-265,440050,1.305042,103.915939,,,
South East,"MARINE PARADE TOWN COUNCIL - OLD AIRPORT ROAD51 OLD AIRPORT ROAD",,390051,1.308248,103.885894,,,
South East,"MASJID KASSIM448 CHANGI ROAD",,419975,1.31903,103.912232,,,
South East,"MAYBANK BEDOK210 NEW UPPER CHANGI ROAD",,460210,1.324715,103.931685,,,
South East,"MAYBANK MARINE PARADE87 MARINE PARADE CENTRAL",,440087,1.302638,103.905569,,,
South East,"NEX SHOPPING MALL - STATION 123 SERANGOON CENTRAL #B1-00",#B1-00,556083,1.350644,103.871806,,,
South East,"NEX SHOPPING MALL - STATION 223 SERANGOON CENTRAL #B1-00",#B1-00,556083,1.350644,103.871806,,,
South East,"NEX SHOPPING MALL - STATION 323 SERANGOON CENTRAL #02-00",#02-00,556083,1.350644,103.871806,,,
South East,"NEX SHOPPING MALL - STATION 423 SERANGOON CENTRAL #03-00",#03-00,556083,1.350644,103.871806,,,
South East,"PARKWAY PARADE80 MARINE PARADE ROAD",,449269,1.301072,103.905281,,,
South East,"PAYA LEBAR MRT STATION30 PAYA LEBAR ROAD",,409006,29.387905,108.782407,,,
South East,"POSB 1024 TAI SENG (TAI SENG INDUSTRIAL ESTATE)1024 TAI SENG AVENUE",,534414,1.335655,103.892303,,,
South East,"POSB 13 JALAN EMPAT13 JALAN EMPAT",,390013,1.307053,103.883466,,,
South East,"POSB 133 BEDOK NORTH133 BEDOK NORTH AVENUE 3",,460133,1.327608,103.935474,,,
South East,"POSB 18 BEDOK SOUTH18 BEDOK SOUTH",,460018,51.78294,55.121647,,,
South East,"POSB 37 CIRCUIT ROAD37 CIRCUIT ROAD",,370037,1.328302,103.887176,,,
South East,"POSB 511 BEDOK NORTH511 BEDOK NORTH STREET 3",,460511,1.333244,103.930561,,,
South East,"POSB 514 CHAI CHEE LANE514 CHAI CHEE LANE",,469029,1.330703,103.918215,,,
South East,"POSB 59 MARINE TERRACE59 MARINE TERRACE",,440059,1.30588,103.914506,,,
South East,"POSB 717 TAMPINES717 TAMPINES STREET 72",,520717,1.358856,103.935075,,,
South East,"POSB 72 BEDOK SOUTH72 BEDOK SOUTH AVENUE 3",,460072,1.320391,103.943611,,,
South East,"POSB 844 TAMPINES 844 TAMPINES STREET 82",,520844,1.352108,103.936474,,,
South East,"POSB 9 EUNOS9 EUNOS CRESENT #01 -14A",#01 -14A,400009,48.784739,44.574725,,,
South East,"POSB 938 TAMPINES938 TAMPINES AVENUE 5",,520938,1.347958,103.941706,,,
South East,"POSB BEDOK NORTH539 BEDOK NORTH STREET 3 #01-01/02",#01-01/02,460539,1.331305,103.925109,,,
South East,"POSB BLOCK 10 HAIG RD10 HAIG ROAD",,430010,1.314855,103.895652,,,
South East,"POSB CHAI CHEE25A CHAI CHEE ROAD",,461025,1.323408,103.924153,,,
South East,"POSB CHANGI VILLAGE2 CHANGI VILLAGE",,500002,17.360559,78.478036,,,
South East,"POSB KATONG SHOPPING CENTER865 MOUNBATTEN ROAD",,437844,1.303746,103.901182,,,
South East,"POSB SAFRA RESORT10 CHANGI COAST WALK",,499739,1.317675,103.974319,,,
South East,"RHB GEYLANG ROAD537 GEYLANG ROAD #B4-K3",#B4-K3,389492,1.313736,103.885155,,,
South East,"RHB KATONG14-18 EAST COAST ROAD",,428741,1.304117,103.902379,,,
South East,"SIA TRAINING CENTRE720 UPPER CHANGI ROAD EAST",,486852,1.345815,103.965869,,,
South East,,,819642,1.362159,103.990051,,,
South East,,,819643,1.355322,103.988337,,,
South East,,,819663,1.356716,103.98651,,,
South East,"SPC BEDOK101 BEDOK NORTH ROAD",,469678,1.327927,103.939713,,,
South East,"SPC MACPHERSON429 MACPHERSON ROAD",,368140,1.331888,103.880302,,,
South East,"SPC MOUNTBATTEN710 MOUNTBATTEN ROAD",,437734,1.302035,103.884384,,,
South East,"SPC TANJONG KATONG1 SWANAGE ROAD",,437168,1.308311,103.894684,,,
South East,"SPC UPPER EAST COAST157 UPPER EAST COAST ROAD",,455253,1.313866,103.930981,,,
South East,"STANDARD CHARTERED MARINE PARADE87 MARINE PARADE CENTRAL #01-520",#01-520,440087,1.302638,103.905569,,,
South East,"TANAH MERAH MRT STATION920 NEW UPPER CHANGI ROAD",,467356,1.327337,103.946551,,,
South East,"TANJONG PAGAR - QUEENSWAY HDB BRANCH OFFICE46 COMMONWEALTH DRIVE",,143046,1.298419,103.797588,,,
South East,"TANJONG PAGAR TOWN COUNCIL - STATION 1166 BUKIT MERAH CENTRAL",,150166,1.282838,103.817549,,,
South East,"TOUCH CENTRE3 MARINE PARADE CENTRAL",,449409,1.301923,103.907432,,,
South East,"TRINITY CHRISTIAN CHURCH247 PAYA LEBAR ROAD",,409045,1.331672,103.889121,,,
South West,"628 SENJA ROAD628 SENJA ROAD #01-K1",#01-K1,670628,1.385118,103.760105,,,
South West,"ACACIA LODGE540 BUKIT BATOK STREET 23",,659553,1.339981,103.75572,,,
South West,"ADAM ROAD FOOD CENTRE2 ADAM ROAD",,283876,1.324088,103.814086,,,
South West,"AIA ALEXANDRA371 ALEXANDRA ROAD",,159963,1.284818,103.802355,,,
South West,"ALEXANDRA HOSPITAL378 ALEXANDRA ROAD",,159964,1.287587,103.801364,,,
South West,"ALEXANDRA POINT BLOCK A438A ALEXANDRA ROAD",,119967,1.277325,103.800274,,,
South West,"ALEXANDRA RETAIL CENTRE - STATION 1460 ALEXANDRA ROAD LEVEL 1",,119963,1.273673,103.801381,,,
South West,"ALEXANDRA RETAIL CENTRE - STATION 2460 ALEXANDRA ROAD LEVEL 1",,119963,1.273673,103.801381,,,
South West,"ANCHORPOINT370 ALEXANDRA ROAD",,159953,1.288541,103.805249,,,
South West,"AVERY LODGE2D JALAN PAPAN",,619415,1.320429,103.730124,,,
South West,"AYER RAJAH AMENITY CENTRE69 AYER RAJAH CRESCENT",,139961,1.296167,103.787009,,,
South West,"BIOPOLIS @ ONE NORTH MATRIX BLOCK30 BIOPOLIS STREET",,138671,1.303452,103.792414,,,
South West,"BOON LAY MRT STATION301 BOON LAY WAY",,649846,1.338717,103.706071,,,
South West,"BOON LAY SHOPPING CENTRE - STATION 1221 BOON LAY PLACE",,640221,1.346517,103.712422,,,
South West,"BOON LAY SHOPPING CENTRE - STATION 2221 BOON LAY PLACE",,640221,1.346517,103.712422,,,
South West,"BUKIT BATOK MRT STATION10 BUKIT BATOK CENTRAL",,659958,1.349046,103.749569,,,
South West,"BUKIT BATOK POLYCLINICS50 BUKIT BATOK WEST",,659164,1.351972,103.747924,,,
South West,"BUKIT GOMBAK MRT STATION802 BUKIT BATOK WEST AVENUE 5",,659083,1.359012,103.751888,,,
South West,"BUKIT PANJANG PLAZA - STATION 11 JELEBU ROAD",,677743,1.379962,103.764153,,,
South West,"BUKIT PANJANG PLAZA - STATION 21 JELEBU ROAD",,677743,1.379962,103.764153,,,
South West,"BUKIT PANJANG PLAZA - STATION 31 JELEBU ROAD",,677743,1.379962,103.764153,,,
South West,"BUKIT TIMAH MARKET & FOOD CENTRE51 UPPER BUKIT TIMAH ROAD",,588215,1.339521,103.776288,,,
South West,"BUKIT TIMAH SHOPPING CENTRE170 UPPER BUKIT TIMAH ROAD",,588173,1.340902,103.775963,,,
South West,"BUONA VISTA MRT STATION100 NORTH VISTA ROAD",,139345,1.307238,103.789937,,,
South West,"CASA CLEMENTI420A CLEMENTI AVENUE 1",,120420,1.310116,103.768984,,,
South West,"CENDEX CENTRE120 LOWER DELTA ROAD",,169208,1.280226,103.822926,,,
South West,"CHEERS CHOA CHU KANG303 CHOA CHU KANG AVENUE 4 #01-723",#01-723,680303,10.441288,76.346362,,,
South West,"CHINESE GARDEN MRT STATION151 BOON LAY WAY",,609959,1.34235,103.732342,,,
South West,"CHOA CHU KANG MRT STATIONCHOA CHU KANG AVENUE 4",,689810,1.385659,103.744252,,,
South West,"CHUA CHU KANG POLYCLINICS2 TECK WHYE CRESENT",,688846,1.382301,103.750669,,,
South West,"CITIBANK VIVOCITY BRANCH1 HARBOUR FRONT WALK #01-01",#01-01,098585,46.575603,-122.492277,,,
South West,"CITY HARVEST CHURCH - STATION 1NO 1 JURONG WEST STREET 91",,649041,1.342802,103.691852,,,
South West,"CITY HARVEST CHURCH - STATION 2NO 1 JURONG WEST STREET 91 #B2-00",#B2-00,486150,1.332875,103.959004,,,
South West,"CITY HARVEST CHURCH - STATION 3NO 1 JURONG WEST STREET 91",,649041,1.342802,103.691852,,,
South West,"CIVIL SERVICE COLLEGE31 NORTH BUONA VISTA ROAD",,275983,1.309322,103.79165,,,
South West,"CLEMENTI CAMP26 CLEMENTI LOOP",,129817,1.329805,103.761462,,,
South West,"CLEMENTI COMMUNITY CLUB220 CLEMENTI AVENUE 4",,129880,1.319023,103.768076,,,
South West,"CLEMENTI MRT STATION3150 COMMONWEALTH AVENUE WEST",,129580,1.315483,103.765041,,,
South West,"CMPB, DEFENCE TECHNOLOGY TOWER (CANTEEN)2 5 DEPOT ROAD",,109682,1.28031,103.814102,,,
South West,"COMMONWEALTH CRESCENT HAWKER CENTRE31 COMMONWEALTH CRESCENT",,149644,1.29543,103.8057218,,,
South West,"COMMONWEALTH MRT STATION375 COMMONWEALTH AVENUE WEST",,149735,1.302653,103.798047,,,
South West,"CPF JURONG BRANCH - STATION 121 JURONG EAST STREET 13 #01-01",#01-01,609646,1.335135,103.739645,,,
South West,"CPF JURONG BRANCH - STATION 221 JURONG EAST STREET 13 #01-01",#01-01,609646,1.335135,103.739645,,,
South West,"CSC @ BUKIT BATOK91 BUKIT BATOK WEST AVENUE 2",,659206,1.352618,103.749398,,,
South West,"DAWSON PLACE - STATION 157 DAWSON ROAD #01-K1",#01-K1,147057,1.292802,103.810934,,,
South West,"DAWSON PLACE - STATION 257 DAWSON ROAD #01-K1",#01-K1,147057,1.292802,103.810934,,,
South West,"DBS ARC460 ALEXANDRA ROAD",,119963,1.273673,103.801381,,,
South West,"DBS NUS YUSOF ISYAK HOUSE10 KENT RIDGE",,119260,1.294229,103.771172,,,
South West,"DBS QUAYSIDE ISLE @ SENTOSA COVE31 OCEAN VIEW",,098375,47.107955,-122.311436,,,
South West,DBS,,139651,1.309126,103.78126,,,
South West,"DBS TRADEHUB 2118 BOON LAY WAY",,609965,1.328092,103.754847,,,
South West,"DBS TT INTERNATIONAL TRADEPARK (THE FURNITURE MALL)10 TOH GUAN ROAD",,608838,1.332345,103.748224,,,
South West,"DEPOT HEIGHT SHOPPING CENTRE - STATION 1108 DEPOT ROAD",,100108,40.020384,116.456008,,,
South West,"DEPOT HEIGHT SHOPPING CENTRE - STATION 2 108 DEPOT ROAD",,100108,40.020384,116.456008,,,
South West,"DOVER MRT STATION200 COMMONWEALTH AVENUE WEST",,138677,1.311318,103.778798,,,
South West,"ENTERPRISE HUB48 TOH GUAN ROAD EAST",,608586,1.337078,103.754725,,,
South West,"ENV JALAN BUKIT MERAH4545 JALAN BUKIT MERAH",,159466,1.286109,103.807103,,,
South West,"ESSO BUKIT BATOK813 BUKIT BATOK WEST AVENUE 5",,659084,1.366663,103.75054,,,
South West,"ESSO CHOA CHU KANG WAY31 CHOA CHU KANG WAY",,688786,1.377611,103.750136,,,
South West,"ESSO JALAN AHMAD IBRAHIM302 JALAN AHMAD IBRAHIM",,619594,1.325017,103.724768,,,
South West,"ESSO JURONG KECHIL37 JALAN JURONG KECHIL",,598577,1.339937,103.774764,,,
South West,"ESSO M-D PETROLEUM50 CHOA CHU KANG DRIVE",,689716,1.395174,103.747007,,,
South West,"FARMART CENTRE67 SUNGEI TENGAH ROAD #B3-K1",#B3-K1,699008,1.381899,103.726131,,,
South West,"FUSIONPOLIS3 FUSIONPOLIS WAY",,138633,1.299036,103.78756,,,
South West,"GEK POH SHOPPING CENTRE - STATION 1762 JURONG WEST STREET 75",,640762,1.349156,103.698195,,,
South West,"GEMPLUS OFFICE12 AYER RAJAH CRESCENT",,139941,1.296576,103.78794,,,
South West,"GIANT BUKIT BATOK284 BUKIT BATOK EAST AVENUE 3 #04-15",#04-15,650284,1.346808,103.75726,,,
South West,"GIANT VIVOCITY1 HARBOUR FRONT WALK",,098585,46.575603,-122.492277,,,
South West,"HOMETEAM NS BUKIT BATOK 2 BUKIT BATOK WEST AVENUE 7",,659003,1.365784,103.748504,,,
South West,"HONG KAH TOWN COUNCIL140 TECK WHYE LANE #01-00",#01-00,680140,1.380004,103.753025,,,
South West,"HONG KAH TOWN COUNCIL372 BUKIT BATOK STREET 31 #01-00",#01-00,650372,1.359015,103.751101,,,
South West,"HONG KAH TOWN COUNCIL962 JURONG WEST STREET 91",,640962,1.341727,103.691672,,,
South West,"HONG KAH TOWN COUNCIL - KEAT HONG SHOPPING CENTRE253 CHOA CHU KANG AVENUE 1",,680253,1.377542,103.744413,,,
South West,"ICON @ INTERNATIONAL BUSINESS PARK3A INTERNATIONAL BUSINESS PARK",,609935,1.3276,103.749234,,,
South West,"IECON CHOP CHUAN LEONG28 JALAN BUKIT MERAH #01-4466",#01-4466,152028,1.286355,103.809689,,,
South West,"IECON LIM THIONG BENG453 JURONG WEST STREET 42 #01-K1",#01-K1,640453,1.351389,103.717685,,,
South West,"IECON MING HUAT MINIMART727 JURONG WEST AVENUE 5 #01-190",#01-190,640727,1.345712,103.69787,,,
South West,"IECON RONG XING PTE LTD75D REDHILL ROAD #01-92",#01-92,154075,1.288515,103.815713,,,
South West,"IECON SIN YEW LEONG354 CLEMENTI AVENUE 2 #01-223",#01-223,120354,1.313528,103.770778,,,
South West,"IECON TECK GUAN77 TELOK BLANGAH DRIVE #01-228",#01-228,100077,1.273906,103.808521,,,
South West,"IKEA ALEXANDRA317 ALEXANDRA ROAD",,159965,1.288155,103.805666,,,
South West,"IMM LEVEL 1 - STATION 22 JURONG EAST STREET 21",,609601,1.334938,103.746872,,,
South West,"IMM LEVEL 1 - STATION 32 JURONG EAST STREET 21",,609601,1.334938,103.746872,,,
South West,"IMM LEVEL 2 - STATION 12 JURONG EAST STREET 21",,609601,1.334938,103.746872,,,
South West,"IQUEST @ INTERNATIONAL BUSINESS PARK27 INTERNATIONAL BUSINESS PARK",,609924,1.325937,103.746759,,,
South West,"ITE COLLEGE WEST (CHOA CHU KANG)1 CHOA CHU KANG GROVE",,688236,1.374852,103.751746,,,
South West,"J CUBE - STATION 12 JURONG EAST CENTRAL 1 BASEMENT 1",,609731,1.33352,103.740277,,,
South West,"J CUBE - STATION 22 JURONG EAST CENTRAL 1 LEVEL 4",,609731,1.33352,103.740277,,,
South West,"JEM52 JURONG GATEWAY ROAD #B1-K1",#B1-K1,608550,1.3322805,103.7433378,,,
South West,"JTC SUMMIT8 JURONG TOWN HALL ROAD",,609434,1.331037,103.741504,,,
South West,"JURONG CAMP 229 JURONG WEST STREET 91, AFPN 1582",,649042,1.33915,103.688374,,,
South West,"JURONG DORMITORY36 PENJURU PLACE",,608560,1.316245,103.732232,,,
South West,"JURONG POINT - STATION 11 JURONG WEST CENTRAL LEVEL 1",,648886,1.339874,103.706464,,,
South West,"JURONG POINT - STATION 21 JURONG WEST CENTRAL LEVEL 1",,648886,1.339874,103.706464,,,
South West,"JURONG POLYCLINICS190 JURONG EAST AVENUE 1",,609788,1.349792,103.730619,,,
South West,"JURONG REGIONAL LIBRARY21 JURONG EAST CENTRAL",,609732,1.332892,103.73951,,,
South West,"JURONG TOWN COUNCIL135 JURONG GATEWAY ROAD",,600135,1.333788,103.739684,,,
South West,"JURONG TOWN COUNCIL154A BUKIT BATOK WEST AVENUE 8",,651154,1.347399,103.743673,,,
South West,"JURONG TOWN COUNCIL252 JURONG EAST STREET 24",,600252,1.343415,103.738456,,,
South West,"JURONG TOWN COUNCIL252 JURONG EAST STREET 24",,600252,1.343415,103.738456,,,
South West,"JURONG TOWN COUNCIL255 JURONG EAST STREET 24",,600255,1.344288,103.737778,,,
South West,"JURONG TOWN COUNCIL286E TOH GUAN ROAD",,605286,1.339312,103.745175,,,
South West,"JURONG TOWN COUNCIL308 CLEMENTI AVENUE 4",,120308,1.321165,103.76687,,,
South West,"JURONG TOWN COUNCIL345 JURONG EAST STREET 31",,600345,1.345526,103.731146,,,
South West,"JURONG TOWN COUNCIL492 JURONG WEST",,640492,1.350203,103.724268,,,
South West,"JURONG TOWN COUNCIL630 BUKIT BATOK CENTRAL",,650630,1.349812,103.749935,,,
South West,"JURONG TOWN COUNCIL632 BUKIT BATOK CENTRAL",,650632,1.349353,103.750512,,,
South West,"JURONG WEST SPORT & RECREATION CENTRE20 JURONG WEST STREET 93",,648965,1.338574,103.694113,,,
South West,"KIM SAN LENG (BUKIT PANJANG)259 BUKIT PANJANG #01-36",#01-36,671259,1.377432,103.77279,,,
South West,"KIM SAN LENG (JURONG EAST)202 JURONG EAST",,600202,1.336786,103.742965,,,
South West,"LAKESIDE MRT STATION201 BOON LAY WAY",,649845,1.344394,103.720999,,,
South West,"LAURELS SUPERMARKET2 PANDAN VALLEY ULU PANDAN ROAD #B1-204",#B1-204,597626,1.320431,103.778992,,,
South West,"LOT 1 SHOPPER'S MALL - STATION 121 CHOA CHU KANG AVENUE 4",,689812,1.384848,103.745046,,,
South West,"LOT 1 SHOPPER'S MALL - STATION 221 CHOA CHU KANG AVENUE 4",,689812,1.384848,103.745046,,,
South West,"M1 SHOP10 INTERNATIONAL BUSINESS PARK",,609928,1.325497,103.74904,,,
South West,"MDIS UNICAMPUS HOSTEL501 STIRLING ROAD",,148951,1.296864,103.800775,,,
South West,"MINDEF BUILDING212 GOMBAK DRIVE",,669645,1.370436,103.758669,,,
South West,"NANYANG TECHNOLOGICAL UNIVERSITY BUS STOP CANTEEN 235 STUDENT WALK",,639548,1.348251,103.685797,,,
South West,"NANYANG TECHNOLOGICAL UNIVERSITY NORTH SPINENANYANG NORTH SPINE, 76 NANYANG AVENUE",,637331,1.34715,103.680099,,,
South West,"NANYANG TECHNOLOGICAL UNIVERSITY SOUTH SPINENANYANG SOUTH SPINE, 50 NANYANG AVENUE",,639798,1.344233,103.680142,,,
South West,"NATIONAL UNIVERSITY HOSPITAL KENT RIDGE WING5 LOWER KENT RIDGE LEVEL 3",,119074,1.294736,103.782853,,,
South West,"NATIONAL UNIVERSITY HOSPITAL MAIN BUILDING5 LOWER KENT RIDGE LEVEL1",,119074,1.294736,103.782853,,,
South West,"NGEE ANN POLYTECHNIC535 CLEMENTI ROAD",,599489,1.332823,103.772471,,,
South West,"NUS BLOCK ADMIN10 KENT RIDGE CRESCENT",,119260,1.294229,103.771172,,,
South West,"NUS BLOCK E49 ENGINEERING DRIVE #04-00",#04-00,117576,1.299144,103.770845,,,
South West,"NUS BUKIT TIMAH CAMPUS469 BUKIT TIMAH ROAD",,259759,1.322485,103.818276,,,
South West,"NUS CUTOWN8 COLLEGE AVENUE WEST",,138608,1.3071809,103.7733071,,,
South West,"NUS LT 2710 KENT RIDGE CRESCENT",,119260,1.294229,103.771172,,,
South West,"PASIR LABA CAMP132 PASIR LABA ROAD",,637559,1.333874,103.671339,,,
South West,"PIONEER MALL - STATION 1638 JURONG WEST STREET 61",,640638,1.34152,103.696988,,,
South West,"POSB 16 TECK WHYE LANE16 TECK WHYE LANE",,680016,1.378556,103.754891,,,
South West,"POSB 18 TOH YI ROAD18 TOH YI DRIVE",,590018,15.78247,74.467217,,,
South West,"POSB 286E TOH GUAN286E TOH GUAN ROAD",,605286,1.339312,103.745175,,,
South West,"POSB 340 JURONG EAST340 JURONG EAST AVENUE 1",,600340,1.349963,103.730982,,,
South West,"POSB 347 JURONG EAST347 JURONG EAST",,600347,1.345236,103.731466,,,
South West,"POSB 379 CLEMENTI AVENUE 5379 CLEMENTI AVENUE 5",,120379,1.317928,103.767909,,,
South West,"POSB 412 PANDAN GARDENS412 PANDAN GARDENS",,600412,1.319743,103.746637,,,
South West,"POSB 494 JURONG WEST494 JURONG WEST STREET 41",,640494,1.349595,103.724924,,,
South West,"POSB 64 YUNG KUANG ROAD64 YUNG KUANG ROAD",,610064,30.636062,104.090931,,,
South West,"POSB 731 JURONG WEST 731 JURONG WEST STREET 71",,640731,1.345516,103.698697,,,
South West,"POSB 923 JURONG WEST923 JURONG WEST",,640923,1.339593,103.68983,,,
South West,"POSB BLOCK 153 BUKIT BATOK153 BUKIT BATOK STREET 11",,650153,1.347569,103.744289,,,
South West,"POSB BLOCK 502 JURONG WEST502 JURONG WEST AVENUE 1 #01-351A",#01-351A,640502,1.350353,103.718008,,,
South West,"POSB BUKIT BATOK EAST272 BUKIT BATOK EAST AVENUE 4 #02-37",#02-37,650272,1.348833,103.757788,,,
South West,"POSB CLEMENTI AVENUE 5325 CLEMENTI AVENUE 5",,120325,1.315245,103.766757,,,
South West,"POSB JTC TUAS FOOD CENTRE21 TUAS AVENUE 13",,638988,1.322286,103.640189,,,
South West,"POSB KEPPEL MARINE50 GUL ROAD",,629351,1.292822,103.668578,,,
South West,"POSB MURAI LODGE 1 MURAI FARMWAY",,709154,1.38382,103.695193,,,
South West,"POSB SCIENCE PARK II (THE ALPHA)10 SCIENCE PARK ROAD #01-1139A",#01-1139A,117684,1.288119,103.779601,,,
South West,"POSB SOON LEE LODGE31 SOON LEE ROAD",,628087,1.330634,103.699844,,,
South West,"POSB TUAS LODGE 190 TUAS SOUTH AVENUE 9",,637397,31.496324,105.639237,,,
South West,"POSB WEST COAST MARKET726 CLEMENTI WEST STREET 2 #01-09",#01-09,120726,1.303831,103.764132,,,
South West,"POSB ZHENG HUA COMMUNITY CLUB1 SEGAR ROAD #01-2385A",#01-2385A,677738,1.386569,103.771802,,,
South West,"QUEENSTOWN MRT STATION301 COMMONWEALTH AVENUE",,149729,1.294195,103.806102,,,
South West,"RESORT WORLD SENTOSA BASEMENT 1 FORUM - STATION 126 SENTOSA GATEWAY",,098138,47.46,-122.25,,,
South West,"RESORT WORLD SENTOSA BASEMENT 1 FORUM - STATION 226 SENTOSA GATEWAY",,098138,47.46,-122.25,,,
South West,"RHB BUKIT TIMAH440/442 UPPER BUKIT TIMAH, THE RAIL MAIL",,678064,1.359483,103.767581,,,
South West,"S11 BUKIT BATOK CENTRAL BLOCK 640640 BUKIT BATOK CENTRAL",,650640,1.349365,103.751484,,,
South West,"S11 CHOA CHU KANG BLOCK 787B787B CHOA CHU KANG DRIVE",,681787,1.395329,103.748004,,,
South West,"S11 TAMAN JURONG101 YUNG SHENG ROAD",,618497,1.33413,103.721968,,,
South West,"SAFRA JURONG333 BOON LAY WAY",,649808,1.345463,103.716757,,,
South West,"SAFRA MOUNT FABER2 TELOK BLANGAH WAY",,098803,-28.281671,-54.255217,,,
South West,"SAFTI MILITARY INSTITUTION500 UPPER JURONG ROAD",,638364,1.332772,103.683902,,,
South West,"SCIENCE HUB87 SCIENCE PARK DRIVE SCIENCE PARK 2",,118260,1.287916,103.790416,,,
South West,"SENTOSA BEACH STATION50 BEACH VIEW #L1-03",#L1-03,098604,45.799973,-122.55106,,,
South West,"SHENG SIONG SUPERMARKET7 JURONG WEST AVENUE 5",,649486,1.348808,103.703404,,,
South West,,,099253,44.61665,33.525367,,,
South West,,,599491,1.329766,103.776529,,,
South West,,,139651,1.309126,103.78126,,,
South West,,,138682,1.299543,103.780838,,,
South West,"SOLARIS BUILDING1 FUSIONPOLIS WALK",,138628,1.298109,103.789927,,,
South West,"SPC BUKIT PANJANG41 BUKIT PANJANG RING ROAD",,679945,1.3782572,103.7724269,,,
South West,"SPC COMMONWEALTH490 COMMONWEALTH AVENUE",,149736,1.305726,103.795075,,,
South West,"SPC JALAN BUROH33 JALAN BUROH",,619487,1.314745,103.714772,,,
South West,"SPC JURONG EAST91 JURONG EAST AVENUE 1",,609786,1.342382,103.737369,,,
South West,"SPC JURONG WEST100 JURONG WEST AVENUE 1",,649519,1.349375,103.714722,,,
South West,"SPC PASIR PANJANG158 PASIR PANJANG ROAD",,118555,1.277156,103.790603,,,
South West,"SPC TELOK BLANGAH616 TELOK BLANGAH",,109027,1.271809,103.807064,,,
South West,"ST KINETICS249 JALAN BOON LAY",,619523,1.339471,103.712539,,,
South West,"TAMAN JURONG SHOPPING CENTRE - STATION 1399 YUNG SHENG ROAD",,610399,1.334774,103.721053,,,
South West,"TANJONG PAGAR COMPLEX7B KEPPEL ROAD",,089055,47.991832,3.617134,,,
South West,"THE CLEMENTI MALL3155 COMMONWEALTH AVENUE WEST",,129588,1.314918,103.7643089,,,
South West,"THE STAR VISTA - STATION 11 VISTA GREEN EXCHANGE BASEMENT 1",,138617,1.306842,103.78844,,,
South West,"THE STAR VISTA - STATION 21 VISTA GREEN EXCHANGE BASEMENT 1",,138617,1.306842,103.78844,,,
South West,"THE STRATEGY2 INTERNATIONAL BUSINESS PARK",,609930,1.32954,103.747567,,,
South West,"TUV SUD PSB BUILDING1 SCIENCE PARK DRIVE",,118221,1.291401,103.785218,,,
South West,"WEST COAST PLAZA - STATION 1154 WEST COAST ROAD",,127371,1.303843,103.766292,,,
South West,"WEST COAST PLAZA - STATION 2154 WEST COAST ROAD B2-K1",,127371,1.303843,103.766292,,,
South West,"WEST COAST TOWN COUNCIL28 DOVER CRESCENT",,130028,1.304381,103.781952,,,
South West,"WEST COAST TOWN COUNCIL451 CLEMENTI AVENUE 3",,120451,1.312638,103.765669,,,
South West,"WEST COAST TOWN COUNCIL451 CLEMENTI AVENUE 3",,120451,1.312638,103.765669,,,
South West,"WEST COAST TOWN COUNCIL453 CLEMENTI AVENUE 3",,120453,1.311906,103.76596,,,
South West,"WEST COAST TOWN COUNCIL502 WEST COAST ROAD",,120502,1.311718,103.759029,,,
South West,"WEST COAST TOWN COUNCIL - JURONG WEST BRANCH - STATION 1509 JURONG WEST STREET 51",,640509,1.348703,103.719325,,,
South West,"WEST COAST TOWN COUNCIL - JURONG WEST BRANCH - STATION 2509 JURONG WEST STREET 51",,640509,1.348703,103.719325,,,
South West,"WESTGATE - STATION 13 GATEWAY DRIVE BASEMENT 1",,608532,1.3346373,103.7426584,,,
South West,"WESTGATE - STATION 23 GATEWAY DRIVE LEVEL 2",,608532,1.3346373,103.7426584,,,
South West,"WESTLITE DORMITORY - BLK 1418 TOH GUAN ROAD",,608591,1.335832,103.751472,,,
South West,"XIN DE AN MEDICAL & MINIMART 105 CLEMENTI STREET 12, SUNSET WAY #01-02",#01-02,120105,1.322642,103.770005,,,
South West,"YEW TEE POINT - STATION 121 CHOA CHU KANG NORTH 6",,689578,1.39729,103.746546,,,
South West,"YEW TEE POINT - STATION 221 CHOA CHU KANG NORTH 6",,689578,1.39729,103.746546,,,
